User_id,twitter_href,,,,,
873945156,"<a class=""twitter-timeline"" href=""https://twitter.com/KoeppelRoger?ref_src=twsrc%5Etfw"">Tweets by KoeppelRoger</a> <script async src=""https://platform.twitter.com/widgets.js"" charset=""utf-8""></script>",,,,,
485885985,"<a class=""twitter-timeline"" href=""https://twitter.com/ManuelTornare?ref_src=twsrc%5Etfw"">Tweets by ManuelTornare</a> <script async src=""https://platform.twitter.com/widgets.js"" charset=""utf-8""></script>",,,,,
50047040,"<a class=""twitter-timeline"" href=""https://twitter.com/JayBadran?ref_src=twsrc%5Etfw"">Tweets by ManuelTornare</a> <script async src=""https://platform.twitter.com/widgets.js"" charset=""utf-8""></script>",,,,,
2977817361,"<a class=""twitter-timeline"" href=""https://twitter.com/KaelinIrene?ref_src=twsrc%5Etfw"">Tweets by KaelinIrene</a> <script async src=""https://platform.twitter.com/widgets.js"" charset=""utf-8""></script>",,,,,
21436172,"<a class=""twitter-timeline"" href=""https://twitter.com/cedricwermuth?ref_src=twsrc%5Etfw"">Tweets by cedricwermuth</a> <script async src=""https://platform.twitter.com/widgets.js"" charset=""utf-8""></script>",,,,,
113616426,"<a class=""twitter-timeline"" href=""https://twitter.com/BernhardGuhl?ref_src=twsrc%5Etfw"">Tweets by BernhardGuhl</a> <script async src=""https://platform.twitter.com/widgets.js"" charset=""utf-8""></script>",,,,,
,,,,,,
,,,,,,
,,,,,,
,,,,,,
,,,,,,
,,,,,,
,,,,,,
,,,,,,
,,,,,,
,,,,,,
,,,,,,
,,,,,,
,,,,,,
,,,,,,
,,,,,,