"First Name","Last Name","Gender","Age","Year of Birth","Language","Website","Quelle","Akteur","Kürzel","Akteur Typ","Party","Fraction","National","Regional","Canton","District","Municipality","Zip","Chamber","In Office since","End of Office","Active","Candidate Nationalrat","Candidate Staenderat","Candidate Kantonsrat","Candidate Regierungsrat","Incumbent","Twitter Name","User_id","Status_id","Created_at"
NA,NA,NA,NA,NA,NA,NA,NA,"Schweizerische Volkspartei","SVP","Party","SCHWEIZERISCHE VOLKSPARTEI","FRAKTION DER SCHWEIZERISCHEN VOLKSPARTEI",1,0,NA,NA,NA,NA,NA,NA,NA,1,NA,NA,NA,NA,NA,"SVPch","168790724","1109127725892206592",2019-03-22T15:20:31Z
NA,NA,NA,NA,NA,NA,NA,NA,"Sozialdemokratische Partei Schweiz","SPS","Party","SOZIALDEMOKRATISCHE PARTEI DER SCHWEIZ","SOZIALDEMOKRATISCHE FRAKTION",1,0,NA,NA,NA,NA,NA,NA,NA,1,NA,NA,NA,NA,NA,"spschweiz","40681558","1110092332244844544",2019-03-25T07:13:31Z
NA,NA,NA,NA,NA,NA,NA,NA,"Christlichdemokratische Partei","CVP","Party","CHRISTLICHDEMOKRATISCHE VOLKSPARTEI DER SCHWEIZ","CVP-FRAKTION",1,0,NA,NA,NA,NA,NA,NA,NA,1,NA,NA,NA,NA,NA,"CVP_PDC","172375021","1109569869228503043",2019-03-23T20:37:26Z
NA,NA,NA,NA,NA,NA,NA,NA,"Grünliberale Partei Schweiz","GLP","Party","GRÜNLIBERALE PARTEI","GRÜNLIBERALE FRAKTION",1,0,NA,NA,NA,NA,NA,NA,NA,1,NA,NA,NA,NA,NA,"grunliberale","22799864","1110074506960400384",2019-03-25T06:02:41Z
NA,NA,NA,NA,NA,NA,NA,NA,"Grüne Partei Schweiz","GPS","Party","GRÜNE PARTEI DER SCHWEIZ","GRÜNE FRAKTION",1,0,NA,NA,NA,NA,NA,NA,NA,1,NA,NA,NA,NA,NA,"GrueneCH","240161502","1110061249100988416",2019-03-25T05:10:00Z
NA,NA,NA,NA,NA,NA,NA,NA,"Bürgerlich Demokratische Partei Schweiz","BDP","Party","BÜRGERLICH-DEMOKRATISCHE PARTEI SCHWEIZ","FRAKTION BD",1,0,NA,NA,NA,NA,NA,NA,NA,1,NA,NA,NA,NA,NA,"BDPSchweiz","226841200","1109937230196420608",2019-03-24T20:57:11Z
NA,NA,NA,NA,NA,NA,NA,NA,"FDP-Die Liberalen","FDP","Party","FDP.DIE LIBERALEN","FDP-LIBERALE FRAKTION",1,0,NA,NA,NA,NA,NA,NA,NA,1,NA,NA,NA,NA,NA,"FDP_Liberalen","39250641","1109930967412682755",2019-03-24T20:32:18Z
NA,NA,NA,NA,NA,NA,NA,NA,"Die Bundesversammlung — Das Schweizer Parlament","ParlCH","Administration",NA,NA,1,0,NA,NA,NA,NA,NA,NA,NA,1,NA,NA,NA,NA,NA,"ParlCH","3165953063","1109092961239867392",2019-03-22T13:02:22Z
NA,NA,NA,NA,NA,NA,NA,NA,"Economie Suisse","ECOSUI","Organisation",NA,NA,1,0,NA,NA,NA,NA,NA,NA,NA,1,NA,NA,NA,NA,NA,"economiesuisse","56377952","1109179409322397697",2019-03-22T18:45:53Z
NA,NA,NA,NA,NA,NA,NA,NA,"Schweizerischer Gewerkschaftsbund","SGB","Organisation",NA,NA,1,0,NA,NA,NA,NA,NA,NA,NA,1,NA,NA,NA,NA,NA,"GewerkschaftSGB","206113899","1109872148095614976",2019-03-24T16:38:35Z
NA,NA,NA,NA,NA,NA,NA,NA,"Santé Suisse","santesuisse","Organisation",NA,NA,1,0,NA,NA,NA,NA,NA,NA,NA,1,NA,NA,NA,NA,NA,"santesuisse","164610359","1109011442668371973",2019-03-22T07:38:27Z
NA,NA,NA,NA,NA,NA,NA,NA,"Schweizerischer Gewerbeverband","SGV-USAM","Organisation",NA,NA,1,0,NA,NA,NA,NA,NA,NA,NA,1,NA,NA,NA,NA,NA,"gewerbeverband","262715220","1109013793642815493",2019-03-22T07:47:47Z
NA,NA,NA,NA,NA,NA,NA,NA,"Schweizerischer Baumeisterverband","SBV-SSE","Organisation",NA,NA,1,0,NA,NA,NA,NA,NA,NA,NA,1,NA,NA,NA,NA,NA,"BaumeisterCH","819202189","1109787345723756544",2019-03-24T11:01:36Z
NA,NA,NA,NA,NA,NA,NA,NA,"Schweizer Bauernverband","SBV-USP","Organisation",NA,NA,1,0,NA,NA,NA,NA,NA,NA,NA,1,NA,NA,NA,NA,NA,"sbv","323221890","1108726855337693184",2019-03-21T12:47:36Z
NA,NA,NA,NA,NA,NA,NA,NA,"Schweizerische Bankiervereinigung","SwissBanking","Organisation",NA,NA,1,0,NA,NA,NA,NA,NA,NA,NA,1,NA,NA,NA,NA,NA,"SwissBankingSBA","127462226","1110066340084269056",2019-03-25T05:30:14Z
NA,NA,NA,NA,NA,NA,NA,NA,"20 Minuten","20min","Media",NA,NA,1,0,NA,NA,NA,NA,NA,NA,NA,1,NA,NA,NA,NA,NA,"20min","15786941","1110100258787332096",2019-03-25T07:45:01Z
NA,NA,NA,NA,NA,NA,NA,NA,"Neue Zürcher Zeitung","NZZ","Media",NA,NA,1,0,NA,NA,NA,NA,NA,NA,NA,1,NA,NA,NA,NA,NA,"NZZ","14273050","1110101913461288960",2019-03-25T07:51:35Z
NA,NA,NA,NA,NA,NA,NA,NA,"Tagesanzeiger","TAGI","Media",NA,NA,1,0,NA,NA,NA,NA,NA,NA,NA,1,NA,NA,NA,NA,NA,"tagesanzeiger","202985146","1110098997329518594",2019-03-25T07:40:00Z
NA,NA,NA,NA,NA,NA,NA,NA,"Schweizer Radio und Fernsehen","SRF","Media",NA,NA,1,0,NA,NA,NA,NA,NA,NA,NA,1,NA,NA,NA,NA,NA,"SRF","187853842","1110083457529597952",2019-03-25T06:38:15Z
NA,NA,NA,NA,NA,NA,NA,NA,"Eidgenössisches Finanzdepartement ","EFD_DFF","Departement",NA,NA,1,0,NA,NA,NA,NA,NA,NA,NA,1,NA,NA,NA,NA,NA,"efd_dff","702420734237396992","1109170523790036992",2019-03-22T18:10:34Z
NA,NA,NA,NA,NA,NA,NA,NA,"Eidgenössisches Departement für Verteidigung, Bevölkerungsschutz und Sport","VBS_DDPS","Departement",NA,NA,1,0,NA,NA,NA,NA,NA,NA,NA,1,NA,NA,NA,NA,NA,"vbs_ddps","701223252","1110100431575961601",2019-03-25T07:45:42Z
NA,NA,NA,NA,NA,NA,NA,NA,"Eidgenössisches Departement für Umwelt, Verkehr, Energie und Kommunikation","UVEK","Departement",NA,NA,1,0,NA,NA,NA,NA,NA,NA,NA,1,NA,NA,NA,NA,NA,"UVEK","33470425","1109093574824640517",2019-03-22T13:04:48Z
NA,NA,NA,NA,NA,NA,NA,NA,"Eidgenössisches Departement für Wirtschaft","WBF","Departement",NA,NA,1,0,NA,NA,NA,NA,NA,NA,NA,1,NA,NA,NA,NA,NA,"DefrWbf","1075730956936466437","1109115025619329024",2019-03-22T14:30:03Z
NA,NA,NA,NA,NA,NA,NA,NA,"Eidgenössisches Justiz- und Polizeidepartement","EJPD","Departement",NA,NA,1,0,NA,NA,NA,NA,NA,NA,NA,1,NA,NA,NA,NA,NA,"EJPD_DFJP_DFGP","2973344741","1109059808525717506",2019-03-22T10:50:38Z
NA,NA,NA,NA,NA,NA,NA,NA,"Eidgenössisches Departement des Innern","EDI","Departement",NA,NA,1,0,NA,NA,NA,NA,NA,NA,NA,1,NA,NA,NA,NA,NA,"EDI_DFI","256912714","1109883648583581696",2019-03-24T17:24:17Z
NA,NA,NA,NA,NA,NA,NA,NA,"Eidgenössisches Departement für auswärtige Angelegenheiten","EDA","Departement",NA,NA,1,0,NA,NA,NA,NA,NA,NA,NA,1,NA,NA,NA,NA,NA,"EDA_DFAE","1019519323877072896","1109921874417516545",2019-03-24T19:56:10Z
"Jean-Luc","Addor","m",NA,1964-04-22,NA,"www.jladdor.ch",NA,"Parliamentarian","MP","Person","SCHWEIZERISCHE VOLKSPARTEI","FRAKTION DER SCHWEIZERISCHEN VOLKSPARTEI",1,0,"Wallis",NA,"Sion",1951,"Nationalrat",2015-11-30,NA,1,NA,NA,NA,NA,NA,"udcvr64","256863130","1109802162585063425",2019-03-24T12:00:29Z
"Andreas","Aebi","m",NA,1958-11-26,NA,"www.aebi-andreas.ch",NA,"Parliamentarian","MP","Person","SCHWEIZERISCHE VOLKSPARTEI","FRAKTION DER SCHWEIZERISCHEN VOLKSPARTEI",1,0,"Bern",NA,"Alchenstorf",3473,"Nationalrat",2007-12-03,NA,1,NA,NA,NA,NA,NA,NA,NA,NA,NA
"Matthias","Aebischer","m",NA,1967-10-18,NA,"www.matthiasaebischer.ch",NA,"Parliamentarian","MP","Person","SOZIALDEMOKRATISCHE PARTEI DER SCHWEIZ","SOZIALDEMOKRATISCHE FRAKTION",1,0,"Bern",NA,"Bern",3005,"Nationalrat",2011-12-05,NA,1,NA,NA,NA,NA,NA,"M_Aebischer","280789941","1110069392367407104",2019-03-25T05:42:21Z
"Thomas","Aeschi","m",NA,1979-01-13,NA,"www.aeschi.com",NA,"Parliamentarian","MP","Person","SCHWEIZERISCHE VOLKSPARTEI","FRAKTION DER SCHWEIZERISCHEN VOLKSPARTEI",1,0,"Zug",NA,"Zug",6300,"Nationalrat",2011-12-05,NA,1,NA,NA,NA,NA,NA,"thomas_aeschi","731908201592045568","1109935182654701571",2019-03-24T20:49:03Z
"Céline","Amaudruz","f",NA,1979-03-15,NA,NA,NA,"Parliamentarian","MP","Person","SCHWEIZERISCHE VOLKSPARTEI","FRAKTION DER SCHWEIZERISCHEN VOLKSPARTEI",1,0,"Genf",NA,"Genève",1208,"Nationalrat",2011-12-05,NA,1,NA,NA,NA,NA,NA,"AmaudruzCeline","3096244845","1103221989093838848",2019-03-06T09:13:14Z
"Thomas","Ammann","m",NA,1964-07-13,NA,"www.th-ammann.ch",NA,"Parliamentarian","MP","Person","CHRISTLICHDEMOKRATISCHE VOLKSPARTEI DER SCHWEIZ","CVP-FRAKTION",1,0,"St. Gallen",NA,"Rüthli",9464,"Nationalrat",2015-11-30,NA,1,NA,NA,NA,NA,NA,"th_ammann","3302607988","1108291509055614976",2019-03-20T07:57:41Z
"Adrian","Amstutz","m",NA,1953-12-02,NA,"www.adrian-amstutz.ch",NA,"Parliamentarian","MP","Person","SCHWEIZERISCHE VOLKSPARTEI","FRAKTION DER SCHWEIZERISCHEN VOLKSPARTEI",1,0,"Bern",NA,"Sigriswil",3655,"Nationalrat",2011-12-05,NA,1,NA,NA,NA,NA,NA,"AdrianAmstutz",NA,NA,NA
"Beat","Arnold","m",NA,1978-04-24,NA,NA,NA,"Parliamentarian","MP","Person","SCHWEIZERISCHE VOLKSPARTEI","FRAKTION DER SCHWEIZERISCHEN VOLKSPARTEI",1,0,"Uri",NA,"Schattdorf",6467,"Nationalrat",2015-11-30,NA,1,NA,NA,NA,NA,NA,NA,NA,NA,NA
"Sibel","Arslan","f",NA,1980-06-23,NA,"www.sibel-arslan.ch",NA,"Parliamentarian","MP","Person","GRÜNE (BASELS STARKE ALTERNATIVE)","GRÜNE FRAKTION",1,0,"Basel-Stadt",NA,"Basel",4005,"Nationalrat",2015-11-30,NA,1,NA,NA,NA,NA,NA,"SibelArslanBS","3257088023","1110093588086616064",2019-03-25T07:18:30Z
"Jacqueline","Badran","f",NA,1961-11-12,NA,"www.badran.ch",NA,"Parliamentarian","MP","Person","SOZIALDEMOKRATISCHE PARTEI DER SCHWEIZ","SOZIALDEMOKRATISCHE FRAKTION",1,0,"Zürich",NA,"Zürich",8036,"Nationalrat",2011-12-05,NA,1,NA,NA,NA,NA,NA,"JayBadran","50047040","1109789943130402817",2019-03-24T11:11:55Z
"Guillaume","Barazzone","m",NA,1982-01-13,NA,"www.barazzone.ch",NA,"Parliamentarian","MP","Person","CHRISTLICHDEMOKRATISCHE VOLKSPARTEI DER SCHWEIZ","CVP-FRAKTION",1,0,"Genf",NA,"Genève",1211,"Nationalrat",2013-12-09,NA,1,NA,NA,NA,NA,NA,"BarazzoneG","278262326","1108782355907518465",2019-03-21T16:28:08Z
"Angelo","Barrile","m",NA,1976-08-22,NA,"www.barrile.ch",NA,"Parliamentarian","MP","Person","SOZIALDEMOKRATISCHE PARTEI DER SCHWEIZ","SOZIALDEMOKRATISCHE FRAKTION",1,0,"Zürich",NA,"Zürich",8005,"Nationalrat",2015-12-08,NA,1,NA,NA,NA,NA,NA,"anbarrile","219076403","1109954459906572288",2019-03-24T22:05:39Z
"Philippe","Bauer","m",NA,1962-04-09,NA,"www.avocatsneuchatel.ch",NA,"Parliamentarian","MP","Person","FDP.DIE LIBERALEN","FDP-LIBERALE FRAKTION",1,0,"Neuenburg",NA,"Neuchâtel",2000,"Nationalrat",2015-11-30,NA,1,NA,NA,NA,NA,NA,NA,NA,NA,NA
"Martin","Bäumle","m",NA,1964-06-03,NA,"www.baeumle.ch",NA,"Parliamentarian","MP","Person","GRÜNLIBERALE PARTEI","GRÜNLIBERALE FRAKTION",1,0,"Zürich",NA,"Bern",3011,"Nationalrat",2003-12-01,NA,1,NA,NA,NA,NA,NA,"Martin_Baeumle","3221526790","1107719677063712769",2019-03-18T18:05:26Z
"Claude","Béglé","m",NA,1949-12-04,NA,"www.begle.ch",NA,"Parliamentarian","MP","Person","CHRISTLICHDEMOKRATISCHE VOLKSPARTEI DER SCHWEIZ","CVP-FRAKTION",1,0,"Waadt",NA,"Pully",1009,"Nationalrat",2015-11-30,NA,1,NA,NA,NA,NA,NA,"ClaudeBegle","1940472746","1109735683000885249",2019-03-24T07:36:19Z
"Samuel","Bendahan","m",NA,1980-06-11,NA,NA,NA,"Parliamentarian","MP","Person","SOZIALDEMOKRATISCHE PARTEI DER SCHWEIZ","SOZIALDEMOKRATISCHE FRAKTION",1,0,"Waadt",NA,"Lausanne",1005,"Nationalrat",2017-06-15,NA,1,NA,NA,NA,NA,NA,"bendahan","43504217","1108856084561907715",2019-03-21T21:21:06Z
"Kathrin","Bertschy","f",NA,1979-07-02,NA,"www.kathrinbertschy.ch",NA,"Parliamentarian","MP","Person","GRÜNLIBERALE PARTEI","GRÜNLIBERALE FRAKTION",1,0,"Bern",NA,"Bern",3011,"Nationalrat",2011-12-05,NA,1,NA,NA,NA,NA,NA,"kathrinbertschy","2913929512","1109937514754781184",2019-03-24T20:58:19Z
"Hans-Ulrich","Bigler","m",NA,1958-04-05,NA,"www.hansulrich-bigler.ch",NA,"Parliamentarian","MP","Person","FDP.DIE LIBERALEN","FDP-LIBERALE FRAKTION",1,0,"Zürich",NA,"Bern",3001,"Nationalrat",2015-12-08,NA,1,NA,NA,NA,NA,NA,"HUBigler",NA,NA,NA
"Prisca","Birrer-Heimo","f",NA,1959-02-04,NA,"www.priscabirrer-heimo.ch",NA,"Parliamentarian","MP","Person","SOZIALDEMOKRATISCHE PARTEI DER SCHWEIZ","SOZIALDEMOKRATISCHE FRAKTION",1,0,"Luzern",NA,"Rothenburg",6023,"Nationalrat",2010-05-31,NA,1,NA,NA,NA,NA,NA,NA,NA,NA,NA
"Frédéric","Borloz","m",NA,1966-04-22,NA,"frederic-borloz.ch",NA,"Parliamentarian","MP","Person","FDP.DIE LIBERALEN","FDP-LIBERALE FRAKTION",1,0,"Waadt",NA,"Aigle",1860,"Nationalrat",2015-11-30,NA,1,NA,NA,NA,NA,NA,"FredericBorloz","373194785","1093780318228750336",2019-02-08T22:22:22Z
"Jacques","Bourgeois","m",NA,1958-03-14,NA,"www.bourgeois.ch",NA,"Parliamentarian","MP","Person","FDP.DIE LIBERALEN","FDP-LIBERALE FRAKTION",1,0,"Freiburg",NA,"Avry-sur-Matran",1754,"Nationalrat",2007-12-03,NA,1,NA,NA,NA,NA,NA,NA,NA,NA,NA
"Heinz","Brand","m",NA,1955-09-06,NA,"www.heinz-brand.ch",NA,"Parliamentarian","MP","Person","SCHWEIZERISCHE VOLKSPARTEI","FRAKTION DER SCHWEIZERISCHEN VOLKSPARTEI",1,0,"Graubünden",NA,"Klosters-Serneus",7250,"Nationalrat",2011-12-05,NA,1,NA,NA,NA,NA,NA,"BrandHeinz","3039132947","892473973329596422",2017-08-01T22:22:22Z
"Daniel","Brélaz","m",NA,1950-01-04,NA,NA,NA,"Parliamentarian","MP","Person","GRÜNE PARTEI DER SCHWEIZ","GRÜNE FRAKTION",1,0,"Waadt",NA,"Lausanne",1000,"Nationalrat",2015-11-30,NA,1,NA,NA,NA,NA,NA,NA,NA,NA,NA
"Hansjörg","Brunner","m",NA,1966-11-23,NA,"www.hansjoerg-brunner.ch",NA,"Parliamentarian","MP","Person","FDP.DIE LIBERALEN","FDP-LIBERALE FRAKTION",1,0,"Thurgau",NA,"Sirnach",8370,"Nationalrat",2017-11-27,NA,1,NA,NA,NA,NA,NA,"hjbrunner",NA,NA,NA
"Roland","Büchel","m",NA,1965-10-08,NA,"www.rolandbuechel.ch",NA,"Parliamentarian","MP","Person","SCHWEIZERISCHE VOLKSPARTEI","FRAKTION DER SCHWEIZERISCHEN VOLKSPARTEI",1,0,"St. Gallen",NA,"Oberriet",9463,"Nationalrat",2010-03-01,NA,1,NA,NA,NA,NA,NA,NA,NA,NA,NA
"Michaël","Buffat","m",NA,1979-09-27,NA,NA,NA,"Parliamentarian","MP","Person","SCHWEIZERISCHE VOLKSPARTEI","FRAKTION DER SCHWEIZERISCHEN VOLKSPARTEI",1,0,"Waadt",NA,"Vuarrens",1418,"Nationalrat",2015-11-30,NA,1,NA,NA,NA,NA,NA,"michael_buffat","724584142344695808","733295826966065152",2016-05-23T22:22:22Z
"Manfred","Bühler","m",NA,1979-04-10,NA,"www.manfredbuehler.ch",NA,"Parliamentarian","MP","Person","SCHWEIZERISCHE VOLKSPARTEI","FRAKTION DER SCHWEIZERISCHEN VOLKSPARTEI",1,0,"Bern",NA,"Cortébert",2607,"Nationalrat",2015-11-30,NA,1,NA,NA,NA,NA,NA,"Buehler4Bern","2172700965","1108365799977336832",2019-03-20T12:52:53Z
"Christine","Bulliard-Marbach","f",NA,1959-10-13,NA,"www.christine-bulliard.ch",NA,"Parliamentarian","MP","Person","CHRISTLICHDEMOKRATISCHE VOLKSPARTEI DER SCHWEIZ","CVP-FRAKTION",1,0,"Freiburg",NA,"Ueberstorf",3182,"Nationalrat",2011-12-05,NA,1,NA,NA,NA,NA,NA,"BulliardMarbach","1360306513","1106471495767855104",2019-03-15T07:25:36Z
"Thomas","Burgherr","m",NA,1962-08-01,NA,"www.thomasburgherr.ch",NA,"Parliamentarian","MP","Person","SCHWEIZERISCHE VOLKSPARTEI","FRAKTION DER SCHWEIZERISCHEN VOLKSPARTEI",1,0,"Aargau",NA,"Wiliberg",5058,"Nationalrat",2015-11-30,NA,1,NA,NA,NA,NA,NA,"ThomasBurgherr","353662120","578294636919291905",2015-03-22T22:22:22Z
"Thierry","Burkart","m",NA,1975-08-21,NA,"www.thierry-burkart.ch",NA,"Parliamentarian","MP","Person","FDP.DIE LIBERALEN","FDP-LIBERALE FRAKTION",1,0,"Aargau",NA,"Baden",5400,"Nationalrat",2015-11-30,NA,1,NA,NA,NA,NA,NA,"ThierryBurkart","3240586961","1109513399627591681",2019-03-23T16:53:02Z
"Duri","Campell","m",NA,1963-04-05,NA,"www.duri-campell.ch",NA,"Parliamentarian","MP","Person","BÜRGERLICH-DEMOKRATISCHE PARTEI SCHWEIZ","FRAKTION BD",1,0,"Graubünden",NA,"Cinuos-chel",7526,"Nationalrat",2015-11-30,NA,1,NA,NA,NA,NA,NA,"duri_campell","968401772732735488","1005004190127742976",2018-10-10T10:10:10Z
"Martin","Candinas","m",NA,1980-08-20,NA,"www.martincandinas.ch",NA,"Parliamentarian","MP","Person","CHRISTLICHDEMOKRATISCHE VOLKSPARTEI DER SCHWEIZ","CVP-FRAKTION",1,0,"Graubünden",NA,"Chur",7000,"Nationalrat",2011-12-05,NA,1,NA,NA,NA,NA,NA,"martin_candinas","706788594954981376","1109928624856145920",2019-03-24T20:23:00Z
"Marina","Carobbio","f",NA,1966-06-12,NA,"www.marinacarobbio.ch",NA,"Parliamentarian","MP","Person","SOZIALDEMOKRATISCHE PARTEI DER SCHWEIZ","SOZIALDEMOKRATISCHE FRAKTION",1,0,"Tessin",NA,"Lumino",6533,"Nationalrat",2007-06-04,NA,1,NA,NA,NA,NA,NA,"MarinaCarobbio","847717320","1109903558185545729",2019-03-24T18:43:23Z
"Rocco","Cattaneo","m",NA,1958-12-06,NA,"www.roccocattaneo.ch",NA,"Parliamentarian","MP","Person","FDP.DIE LIBERALEN","FDP-LIBERALE FRAKTION",1,0,"Tessin",NA,"Bironico",6804,"Nationalrat",2017-11-27,NA,1,NA,NA,NA,NA,NA,"RoccoCattaneo",NA,NA,NA
"Isabelle","Chevalley","f",NA,1972-04-13,NA,"www.isabellechevalley.ch",NA,"Parliamentarian","MP","Person","GRÜNLIBERALE PARTEI","GRÜNLIBERALE FRAKTION",1,0,"Waadt",NA,"St-George",1188,"Nationalrat",2011-12-05,NA,1,NA,NA,NA,NA,NA,"I_Chevalley","149008275","1109478394947948544",2019-03-23T14:33:57Z
"Marco","Chiesa","m",NA,1974-10-10,NA,"www.marcochiesa.ch",NA,"Parliamentarian","MP","Person","SCHWEIZERISCHE VOLKSPARTEI","FRAKTION DER SCHWEIZERISCHEN VOLKSPARTEI",1,0,"Tessin",NA,"Ruvigliana",6977,"Nationalrat",2015-11-30,NA,1,NA,NA,NA,NA,NA,"marcochiesa74","289393019","1067153264976760840",2018-11-28T10:10:10Z
"Raymond","Clottu","m",NA,1967-12-18,NA,NA,NA,"Parliamentarian","MP","Person","PARTEILOS","FRAKTION DER SCHWEIZERISCHEN VOLKSPARTEI",1,0,"Neuenburg",NA,"La Brévine",2406,"Nationalrat",2013-09-09,NA,1,NA,NA,NA,NA,NA,NA,NA,NA,NA
"Brigitte","Crottaz","f",NA,1957-10-06,NA,NA,NA,"Parliamentarian","MP","Person","SOZIALDEMOKRATISCHE PARTEI DER SCHWEIZ","SOZIALDEMOKRATISCHE FRAKTION",1,0,"Waadt",NA,"Epalinges",1066,"Nationalrat",2018-02-26,NA,1,NA,NA,NA,NA,NA,NA,NA,NA,NA
"Dominique","de Buman","m",NA,1956-04-28,NA,"www.debuman.ch",NA,"Parliamentarian","MP","Person","CHRISTLICHDEMOKRATISCHE VOLKSPARTEI DER SCHWEIZ","CVP-FRAKTION",1,0,"Freiburg",NA,"Fribourg",1700,"Nationalrat",2003-12-01,NA,1,NA,NA,NA,NA,NA,"DdeBuman","627501106","938446325431132161",2017-12-06T22:22:22Z
"Thomas","de Courten","m",NA,1966-07-29,NA,"www.decourten.info",NA,"Parliamentarian","MP","Person","SCHWEIZERISCHE VOLKSPARTEI","FRAKTION DER SCHWEIZERISCHEN VOLKSPARTEI",1,0,"Basel-Landschaft",NA,"Rünenberg",4497,"Nationalrat",2011-12-05,NA,1,NA,NA,NA,NA,NA,"thomasdecourten",NA,NA,NA
"Denis","de la Reussille","m",NA,1960-10-24,NA,"www.lelocle.ch",NA,"Parliamentarian","MP","Person","PARTEI DER ARBEIT DER SCHWEIZ","GRÜNE FRAKTION",1,0,"Neuenburg",NA,"Le Locle",2400,"Nationalrat",2015-11-30,NA,1,NA,NA,NA,NA,NA,NA,NA,NA,NA
"Fathi","Derder","m",NA,1970-12-04,NA,"www.derder.ch",NA,"Parliamentarian","MP","Person","FDP.DIE LIBERALEN","FDP-LIBERALE FRAKTION",1,0,"Waadt",NA,"Lutry",1095,"Nationalrat",2011-12-05,NA,1,NA,NA,NA,NA,NA,"fderder","619225869","1109092864556978176",2019-03-22T13:01:59Z
"Marcel","Dettling","m",NA,1981-02-01,NA,NA,NA,"Parliamentarian","MP","Person","SCHWEIZERISCHE VOLKSPARTEI","FRAKTION DER SCHWEIZERISCHEN VOLKSPARTEI",1,0,"Schwyz",NA,"Oberiberg",8843,"Nationalrat",2015-11-30,NA,1,NA,NA,NA,NA,NA,NA,NA,NA,NA
"Marcel","Dobler","m",NA,1980-08-29,NA,"www.marcel-dobler.ch",NA,"Parliamentarian","MP","Person","FDP.DIE LIBERALEN","FDP-LIBERALE FRAKTION",1,0,"St. Gallen",NA,"Wabern",3084,"Nationalrat",2015-11-30,NA,1,NA,NA,NA,NA,NA,"Marcel_Dobler","2882434546","1110091704911183873",2019-03-25T07:11:01Z
"Thomas","Egger","m",NA,1967-06-15,NA,"www.thomasegger.ch",NA,"Parliamentarian","MP","Person","CHRISTLICHSOZIALE VOLKSPARTEI OBERWALLIS","CVP-FRAKTION",1,0,"Wallis",NA,"Visp",3930,"Nationalrat",2017-06-15,NA,1,NA,NA,NA,NA,NA,"Thomas_Egger_NR","888380018673545216","1109045390668648448",2019-03-22T09:53:20Z
"Hans","Egloff","m",NA,1959-11-27,NA,"www.hans-egloff.ch",NA,"Parliamentarian","MP","Person","SCHWEIZERISCHE VOLKSPARTEI","FRAKTION DER SCHWEIZERISCHEN VOLKSPARTEI",1,0,"Zürich",NA,"Zürich",8004,"Nationalrat",2011-12-05,NA,1,NA,NA,NA,NA,NA,NA,NA,NA,NA
"Corina","Eichenberger-Walther","f",NA,1954-10-14,NA,"www.corinaeichenberger.ch",NA,"Parliamentarian","MP","Person","FDP.DIE LIBERALEN","FDP-LIBERALE FRAKTION",1,0,"Aargau",NA,"Kölliken",5742,"Nationalrat",2007-12-03,NA,1,NA,NA,NA,NA,NA,NA,NA,NA,NA
"Yvette","Estermann","f",NA,1967-02-26,NA,"www.yvette-estermann.ch",NA,"Parliamentarian","MP","Person","SCHWEIZERISCHE VOLKSPARTEI","FRAKTION DER SCHWEIZERISCHEN VOLKSPARTEI",1,0,"Luzern",NA,"Kriens",6010,"Nationalrat",2007-12-03,NA,1,NA,NA,NA,NA,NA,"Yvette67Yvette","1017350089","1109706308096278534",2019-03-24T05:39:35Z
"Christoph","Eymann","m",NA,1951-01-15,NA,NA,NA,"Parliamentarian","MP","Person","LIBERAL-DEMOKRATISCHE PARTEI","FDP-LIBERALE FRAKTION",1,0,"Basel-Stadt",NA,"Basel",4010,"Nationalrat",2015-11-30,NA,1,NA,NA,NA,NA,NA,NA,NA,NA,NA
"Daniel","Fässler","m",NA,1960-08-22,NA,NA,NA,"Parliamentarian","MP","Person","CHRISTLICHDEMOKRATISCHE VOLKSPARTEI DER SCHWEIZ","CVP-FRAKTION",1,0,"Appenzell I.-Rh.",NA,"Appenzell",9050,"Nationalrat",2011-12-05,NA,1,NA,NA,NA,NA,NA,NA,NA,NA,NA
"Laurence","Rielle","m",NA,1955-09-11,NA,"www.fehlmann-rielle.info",NA,"Parliamentarian","MP","Person","SOZIALDEMOKRATISCHE PARTEI DER SCHWEIZ","SOZIALDEMOKRATISCHE FRAKTION",1,0,"Genf",NA,"Genève",1206,"Nationalrat",2015-11-30,NA,1,NA,NA,NA,NA,NA,"FehlmannRielle","3082560978","1108636016297107456",2019-03-21T06:46:38Z
"Olivier","Feller","m",NA,1974-08-30,NA,"www.olivierfeller.ch",NA,"Parliamentarian","MP","Person","FDP.DIE LIBERALEN","FDP-LIBERALE FRAKTION",1,0,"Waadt",NA,"Lausanne",1002,"Nationalrat",2011-12-05,NA,1,NA,NA,NA,NA,NA,NA,NA,NA,NA
"Yvonne","Feri","f",NA,1966-03-01,NA,"www.yvonneferi.ch",NA,"Parliamentarian","MP","Person","SOZIALDEMOKRATISCHE PARTEI DER SCHWEIZ","SOZIALDEMOKRATISCHE FRAKTION",1,0,"Aargau",NA,"Wettingen",5430,"Nationalrat",2011-12-05,NA,1,NA,NA,NA,NA,NA,"yferi","227087638","1109323353318457344",2019-03-23T04:17:52Z
"Doris","Fiala","f",NA,1957-01-29,NA,"www.fiala.ch",NA,"Parliamentarian","MP","Person","FDP.DIE LIBERALEN","FDP-LIBERALE FRAKTION",1,0,"Zürich",NA,"Zürich",8002,"Nationalrat",2007-12-03,NA,1,NA,NA,NA,NA,NA,"DorisFiala","3070292500","1109469812697321472",2019-03-23T13:59:50Z
"Beat","Flach","m",NA,1965-01-21,NA,"www.beatflach.ch",NA,"Parliamentarian","MP","Person","GRÜNLIBERALE PARTEI","GRÜNLIBERALE FRAKTION",1,0,"Aargau",NA,"Auenstein",5105,"Nationalrat",2011-12-05,NA,1,NA,NA,NA,NA,NA,"beatflach","123362849","1109912663306457089",2019-03-24T19:19:34Z
"Sylvia","Flückiger-Bäni","f",NA,1952-06-01,NA,"www.politikerin.ch",NA,"Parliamentarian","MP","Person","SCHWEIZERISCHE VOLKSPARTEI","FRAKTION DER SCHWEIZERISCHEN VOLKSPARTEI",1,0,"Aargau",NA,"Schöftland",5040,"Nationalrat",2007-12-03,NA,1,NA,NA,NA,NA,NA,NA,NA,NA,NA
"Kurt","Fluri","m",NA,1955-08-19,NA,"www.kurt-fluri.ch",NA,"Parliamentarian","MP","Person","FDP.DIE LIBERALEN","FDP-LIBERALE FRAKTION",1,0,"Solothurn",NA,"Solothurn",4502,"Nationalrat",2003-12-01,NA,1,NA,NA,NA,NA,NA,NA,NA,NA,NA
"Sebastian","Frehner","m",NA,1973-09-02,NA,"www.sebastian-frehner.ch",NA,"Parliamentarian","MP","Person","SCHWEIZERISCHE VOLKSPARTEI","FRAKTION DER SCHWEIZERISCHEN VOLKSPARTEI",1,0,"Basel-Stadt",NA,"Basel",4054,"Nationalrat",2010-11-29,NA,1,NA,NA,NA,NA,NA,NA,NA,NA,NA
"Daniel","Frei","m",NA,1979-02-05,NA,"www.daniel-frei.ch",NA,"Parliamentarian","MP","Person","SOZIALDEMOKRATISCHE PARTEI DER SCHWEIZ","SOZIALDEMOKRATISCHE FRAKTION",1,0,"Zürich",NA,"Uster",8610,"Nationalrat",2018-12-10,NA,1,NA,NA,NA,NA,NA,"danielfrei79","3505042877","1109924074380320768",2019-03-24T20:04:55Z
"Pierre-Alain","Fridez","m",NA,1957-11-20,NA,NA,NA,"Parliamentarian","MP","Person","SOZIALDEMOKRATISCHE PARTEI DER SCHWEIZ","SOZIALDEMOKRATISCHE FRAKTION",1,0,"Jura",NA,"Fontenais",2902,"Nationalrat",2011-12-05,NA,1,NA,NA,NA,NA,NA,NA,NA,NA,NA
"Claudia","Friedl","f",NA,1960-07-19,NA,"www.claudia-friedl.ch",NA,"Parliamentarian","MP","Person","SOZIALDEMOKRATISCHE PARTEI DER SCHWEIZ","SOZIALDEMOKRATISCHE FRAKTION",1,0,"St. Gallen",NA,"St. Gallen",9000,"Nationalrat",2013-03-04,NA,1,NA,NA,NA,NA,NA,"claufriedl","2696249536","1109890705827266562",2019-03-24T17:52:19Z
"Andrea","Geissbühler","f",NA,1976-08-03,NA,"www.andreageissbühler.ch",NA,"Parliamentarian","MP","Person","SCHWEIZERISCHE VOLKSPARTEI","FRAKTION DER SCHWEIZERISCHEN VOLKSPARTEI",1,0,"Bern",NA,"Bäriswil",3323,"Nationalrat",2007-12-03,NA,1,NA,NA,NA,NA,NA,"a_geissbuehler",NA,NA,NA
"Benoît","Genecand","m",NA,1964-01-28,NA,NA,NA,"Parliamentarian","MP","Person","FDP.DIE LIBERALEN","FDP-LIBERALE FRAKTION",1,0,"Genf",NA,"Genève",1204,"Nationalrat",2015-11-30,NA,1,NA,NA,NA,NA,NA,"BenoitGenecand","2822483402","1105749446715940869",2019-03-13T07:36:26Z
"Ulrich","Giezendanner","m",NA,1953-10-13,NA,"www.giezi-rothrist.ch",NA,"Parliamentarian","MP","Person","SCHWEIZERISCHE VOLKSPARTEI","FRAKTION DER SCHWEIZERISCHEN VOLKSPARTEI",1,0,"Aargau",NA,"Rothrist",4852,"Nationalrat",1991-11-25,NA,1,NA,NA,NA,NA,NA,"UGiezendanner","546752881","1109733968776232961",2019-03-24T07:29:30Z
"Bastien","Girod","m",NA,1980-12-21,NA,"www.bastiengirod.ch",NA,"Parliamentarian","MP","Person","GRÜNE PARTEI DER SCHWEIZ","GRÜNE FRAKTION",1,0,"Zürich",NA,"Bern",3011,"Nationalrat",2007-12-03,NA,1,NA,NA,NA,NA,NA,"bastiengirod","14077586","1110069813114793985",2019-03-25T05:44:02Z
"Ida","Glanzmann-Hunkeler","f",NA,1958-09-29,NA,"www.ida-glanzmann.ch",NA,"Parliamentarian","MP","Person","CHRISTLICHDEMOKRATISCHE VOLKSPARTEI DER SCHWEIZ","CVP-FRAKTION",1,0,"Luzern",NA,"Altishofen",6246,"Nationalrat",2006-09-18,NA,1,NA,NA,NA,NA,NA,"idamicha","444935177","1109932583498981378",2019-03-24T20:38:44Z
"Andreas","Glarner","m",NA,1962-10-09,NA,"www.andreas-glarner.ch",NA,"Parliamentarian","MP","Person","SCHWEIZERISCHE VOLKSPARTEI","FRAKTION DER SCHWEIZERISCHEN VOLKSPARTEI",1,0,"Aargau",NA,"Oberwil-Lieli",8966,"Nationalrat",2015-11-30,NA,1,NA,NA,NA,NA,NA,"andyglarner","788078975444713473","1064997611806093312",2018-11-20T21:43:12Z
"Balthasar","Glättli","m",NA,1972-02-12,NA,"www.balthasar-glaettli.ch",NA,"Parliamentarian","MP","Person","GRÜNE PARTEI DER SCHWEIZ","GRÜNE FRAKTION",1,0,"Zürich",NA,"Zürich",8037,"Nationalrat",2011-12-05,NA,1,NA,NA,NA,NA,NA,"bglaettli","14675346","1110059172782067713",2019-03-25T05:01:45Z
"Alice","Glauser-Zufferey","f",NA,1954-10-18,NA,"www.aliceglauser.ch",NA,"Parliamentarian","MP","Person","SCHWEIZERISCHE VOLKSPARTEI","FRAKTION DER SCHWEIZERISCHEN VOLKSPARTEI",1,0,"Waadt",NA,"Champvent",1443,"Nationalrat",2016-02-29,NA,1,NA,NA,NA,NA,NA,"AliceGlauser","3354760547","1003620067358203905",2018-06-04T12:50:45Z
"Alois","Gmür","m",NA,1955-04-03,NA,"www.aloisgmuer.ch",NA,"Parliamentarian","MP","Person","CHRISTLICHDEMOKRATISCHE VOLKSPARTEI DER SCHWEIZ","CVP-FRAKTION",1,0,"Schwyz",NA,"Einsiedeln",8840,"Nationalrat",2011-12-05,NA,1,NA,NA,NA,NA,NA,NA,NA,NA,NA
"Andrea","Gmür-Schönenberger","f",NA,1964-07-17,NA,"www.andrea-gmuer.ch",NA,"Parliamentarian","MP","Person","CHRISTLICHDEMOKRATISCHE VOLKSPARTEI DER SCHWEIZ","CVP-FRAKTION",1,0,"Luzern",NA,"Luzern",6005,"Nationalrat",2015-11-30,NA,1,NA,NA,NA,NA,NA,"AGmur","235081966","1109901799346094080",2019-03-24T18:36:24Z
"Roger","Golay","m",NA,1959-09-23,NA,NA,NA,"Parliamentarian","MP","Person","MOUVEMENT CITOYENS GENEVOIS","FRAKTION DER SCHWEIZERISCHEN VOLKSPARTEI",1,0,"Genf",NA,"Grand-Lancy",1212,"Nationalrat",2013-12-02,NA,1,NA,NA,NA,NA,NA,NA,NA,NA,NA
"Petra","Gössi","f",NA,1976-01-12,NA,"www.petra-goessi.ch",NA,"Parliamentarian","MP","Person","FDP.DIE LIBERALEN","FDP-LIBERALE FRAKTION",1,0,"Schwyz",NA,"Zürich",8002,"Nationalrat",2011-12-05,NA,1,NA,NA,NA,NA,NA,"PetraGoessi","365423665","1109036868136587265",2019-03-22T09:19:28Z
"Maya","Graf","f",NA,1962-02-28,NA,"www.mayagraf.ch",NA,"Parliamentarian","MP","Person","GRÜNE PARTEI DER SCHWEIZ","GRÜNE FRAKTION",1,0,"Basel-Landschaft",NA,"Sissach",4450,"Nationalrat",2001-06-05,NA,1,NA,NA,NA,NA,NA,"nr_mayagraf","3374457514","1109941603089764352",2019-03-24T21:14:34Z
"Edith","Graf-Litscher","f",NA,1964-03-25,NA,"www.edith-graf.ch",NA,"Parliamentarian","MP","Person","SOZIALDEMOKRATISCHE PARTEI DER SCHWEIZ","SOZIALDEMOKRATISCHE FRAKTION",1,0,"Thurgau",NA,"Frauenfeld",8500,"Nationalrat",2005-05-30,NA,1,NA,NA,NA,NA,NA,"EdithGraf","246714911","1110067503428976641",2019-03-25T05:34:51Z
"Jean-Pierre","Grin","m",NA,1947-03-16,NA,NA,NA,"Parliamentarian","MP","Person","SCHWEIZERISCHE VOLKSPARTEI","FRAKTION DER SCHWEIZERISCHEN VOLKSPARTEI",1,0,"Waadt",NA,"Pomy",1405,"Nationalrat",2007-12-03,NA,1,NA,NA,NA,NA,NA,"GrinJean",NA,NA,NA
"Jürg","Grossen","m",NA,1969-08-24,NA,"www.juerg-grossen.ch",NA,"Parliamentarian","MP","Person","GRÜNLIBERALE PARTEI","GRÜNLIBERALE FRAKTION",1,0,"Bern",NA,"Frutigen",3714,"Nationalrat",2011-12-05,NA,1,NA,NA,NA,NA,NA,"Juerg_Grossen","463149099","1109867797071491072",2019-03-24T16:21:17Z
"Hans","Grunder","m",NA,1956-06-13,NA,NA,NA,"Parliamentarian","MP","Person","BÜRGERLICH-DEMOKRATISCHE PARTEI SCHWEIZ","FRAKTION BD",1,0,"Bern",NA,"Rüegsauschachen",3415,"Nationalrat",2007-12-03,NA,1,NA,NA,NA,NA,NA,NA,NA,NA,NA
"Franz","Grüter","m",NA,1963-07-29,NA,NA,NA,"Parliamentarian","MP","Person","SCHWEIZERISCHE VOLKSPARTEI","FRAKTION DER SCHWEIZERISCHEN VOLKSPARTEI",1,0,"Luzern",NA,"Eich",6205,"Nationalrat",2015-11-30,NA,1,NA,NA,NA,NA,NA,"fgrueter","605639477","1109915925938098176",2019-03-24T19:32:32Z
"Jean-Paul","Gschwind","m",NA,1952-10-31,NA,NA,NA,"Parliamentarian","MP","Person","CHRISTLICHDEMOKRATISCHE VOLKSPARTEI DER SCHWEIZ","CVP-FRAKTION",1,0,"Jura",NA,"Courchavon",2922,"Nationalrat",2011-12-05,NA,1,NA,NA,NA,NA,NA,NA,NA,NA,NA
"Niklaus-Samuel","Gugger","m",NA,1970-05-01,NA,"www.nikgugger.ch",NA,"Parliamentarian","MP","Person","EVANGELISCHE VOLKSPARTEI DER SCHWEIZ","CVP-FRAKTION",1,0,"Zürich",NA,"Winterthur",8400,"Nationalrat",2017-11-27,NA,1,NA,NA,NA,NA,NA,"NikGugger","337729795","1102685711118069761",2019-03-04T21:42:15Z
"Bernhard","Guhl","m",NA,1972-06-10,NA,"www.bernhard-guhl.ch",NA,"Parliamentarian","MP","Person","BÜRGERLICH-DEMOKRATISCHE PARTEI SCHWEIZ","FRAKTION BD",1,0,"Aargau",NA,"Niederrohrdorf",5443,"Nationalrat",2011-12-05,NA,1,NA,NA,NA,NA,NA,"BernhardGuhl","113616426","1109445455379873792",2019-03-23T12:23:03Z
"Diana","Gutjahr","f",NA,1984-01-13,NA,"www.diana-gutjahr.ch",NA,"Parliamentarian","MP","Person","SCHWEIZERISCHE VOLKSPARTEI","FRAKTION DER SCHWEIZERISCHEN VOLKSPARTEI",1,0,"Thurgau",NA,"Romanshorn",8590,"Nationalrat",2017-11-27,NA,1,NA,NA,NA,NA,NA,"DianaGutjahr1","1280965525","1109756572270542850",2019-03-24T08:59:19Z
"Barbara","Gysi","f",NA,1964-05-14,NA,"www.barbara-gysi.ch",NA,"Parliamentarian","MP","Person","SOZIALDEMOKRATISCHE PARTEI DER SCHWEIZ","SOZIALDEMOKRATISCHE FRAKTION",1,0,"St. Gallen",NA,"Wil",9501,"Nationalrat",2011-12-12,NA,1,NA,NA,NA,NA,NA,"BaGysi","2536865558","1109110012029423623",2019-03-22T14:10:07Z
"Philipp","Hadorn","m",NA,1967-02-06,NA,"www.philipp-hadorn.ch",NA,"Parliamentarian","MP","Person","SOZIALDEMOKRATISCHE PARTEI DER SCHWEIZ","SOZIALDEMOKRATISCHE FRAKTION",1,0,"Solothurn",NA,"Gerlafingen",4563,"Nationalrat",2011-12-05,NA,1,NA,NA,NA,NA,NA,"PhilippHadorn","75777484","1109889888739045383",2019-03-24T17:49:04Z
"Thomas","Hardegger","m",NA,1956-04-02,NA,"www.thomashardegger.ch",NA,"Parliamentarian","MP","Person","SOZIALDEMOKRATISCHE PARTEI DER SCHWEIZ","SOZIALDEMOKRATISCHE FRAKTION",1,0,"Zürich",NA,"Rümlang",8153,"Nationalrat",2011-12-05,NA,1,NA,NA,NA,NA,NA,"th_hardegger","2948791281","1110092434355179520",2019-03-25T07:13:55Z
"Markus","Hausammann","m",NA,1964-09-20,NA,"www.markus-hausammann.ch",NA,"Parliamentarian","MP","Person","SCHWEIZERISCHE VOLKSPARTEI","FRAKTION DER SCHWEIZERISCHEN VOLKSPARTEI",1,0,"Thurgau",NA,"Langrickenbach",8585,"Nationalrat",2011-12-05,NA,1,NA,NA,NA,NA,NA,NA,NA,NA,NA
"Alfred","Heer","m",NA,1961-10-12,NA,NA,NA,"Parliamentarian","MP","Person","SCHWEIZERISCHE VOLKSPARTEI","FRAKTION DER SCHWEIZERISCHEN VOLKSPARTEI",1,0,"Zürich",NA,"Zürich",8002,"Nationalrat",2007-12-03,NA,1,NA,NA,NA,NA,NA,"AlfredHeer","2527505330","757158798838624256",2016-07-30T22:22:22Z
"Bea","Heim","f",NA,1946-04-07,NA,"www.bea-heim.ch",NA,"Parliamentarian","MP","Person","SOZIALDEMOKRATISCHE PARTEI DER SCHWEIZ","SOZIALDEMOKRATISCHE FRAKTION",1,0,"Solothurn",NA,"Starrkirch-Wil",4656,"Nationalrat",2003-12-01,NA,1,NA,NA,NA,NA,NA,"beaheim","67100346","860818760156008450",2017-05-20T22:22:22Z
"Verena","Herzog","f",NA,1956-02-07,NA,"www.verena-herzog.ch",NA,"Parliamentarian","MP","Person","SCHWEIZERISCHE VOLKSPARTEI","FRAKTION DER SCHWEIZERISCHEN VOLKSPARTEI",1,0,"Thurgau",NA,"Frauenfeld",8500,"Nationalrat",2013-03-04,NA,1,NA,NA,NA,NA,NA,"verenaherzog","1307125520","1109380890990399488",2019-03-23T08:06:30Z
"Lorenz","Hess","m",NA,1961-06-28,NA,NA,NA,"Parliamentarian","MP","Person","BÜRGERLICH-DEMOKRATISCHE PARTEI SCHWEIZ","FRAKTION BD",1,0,"Bern",NA,"Stettlen",3066,"Nationalrat",2011-12-05,NA,1,NA,NA,NA,NA,NA,"LorenzHess","1543019749","1096478963864621057",2019-02-15T22:22:22Z
"Erich","Hess","m",NA,1981-03-25,NA,"www.erichhess.ch",NA,"Parliamentarian","MP","Person","SCHWEIZERISCHE VOLKSPARTEI","FRAKTION DER SCHWEIZERISCHEN VOLKSPARTEI",1,0,"Bern",NA,"Bern",3001,"Nationalrat",2015-11-30,NA,1,NA,NA,NA,NA,NA,"Erich_Hess","62798697","1107392424039591936",2019-03-17T20:25:02Z
"Hugues","Hiltpold","m",NA,1969-05-05,NA,NA,NA,"Parliamentarian","MP","Person","FDP.DIE LIBERALEN","FDP-LIBERALE FRAKTION",1,0,"Genf",NA,"Carouge",1227,"Nationalrat",2007-12-03,NA,1,NA,NA,NA,NA,NA,"hhiltpold","35465127","1108137933679267840",2019-03-19T21:47:26Z
"Ruth","Humbel","f",NA,1957-07-23,NA,"www.ruthhumbel.ch",NA,"Parliamentarian","MP","Person","CHRISTLICHDEMOKRATISCHE VOLKSPARTEI DER SCHWEIZ","CVP-FRAKTION",1,0,"Aargau",NA,"Birmenstorf",5413,"Nationalrat",2003-09-15,NA,1,NA,NA,NA,NA,NA,"RuthHumbel","2860664668","1108336231908282371",2019-03-20T10:55:24Z
"Thomas","Hurter","m",NA,1963-11-01,NA,"www.thomas-hurter.ch",NA,"Parliamentarian","MP","Person","SCHWEIZERISCHE VOLKSPARTEI","FRAKTION DER SCHWEIZERISCHEN VOLKSPARTEI",1,0,"Schaffhausen",NA,"Schaffhausen",8200,"Nationalrat",2007-12-03,NA,1,NA,NA,NA,NA,NA,"HurterThomas","1077680574","984528366392041477",2018-04-12T20:27:08Z
"Christian","Imark","m",NA,1982-01-29,NA,"www.schwarzbuben.ch",NA,"Parliamentarian","MP","Person","SCHWEIZERISCHE VOLKSPARTEI","FRAKTION DER SCHWEIZERISCHEN VOLKSPARTEI",1,0,"Solothurn",NA,"Fehren",4232,"Nationalrat",2015-11-30,NA,1,NA,NA,NA,NA,NA,"ChristianImark","222903677","1105901618145435649",2019-03-13T17:41:07Z
"Beat","Jans","m",NA,1964-07-12,NA,NA,NA,"Parliamentarian","MP","Person","SOZIALDEMOKRATISCHE PARTEI DER SCHWEIZ","SOZIALDEMOKRATISCHE FRAKTION",1,0,"Basel-Stadt",NA,"Basel",4053,"Nationalrat",2010-05-31,NA,1,NA,NA,NA,NA,NA,NA,NA,NA,NA
"Matthias","Jauslin","m",NA,1962-04-20,NA,"www.matthias-jauslin.ch",NA,"Parliamentarian","MP","Person","FDP.DIE LIBERALEN","FDP-LIBERALE FRAKTION",1,0,"Aargau",NA,"Wohlen",5610,"Nationalrat",2015-11-30,NA,1,NA,NA,NA,NA,NA,"JauslinMatthias","716002872","1107769289988341760",2019-03-18T21:22:34Z
"Irène","Kälin","f",NA,1987-02-06,NA,"irenekaelin.ch",NA,"Parliamentarian","MP","Person","GRÜNE PARTEI DER SCHWEIZ","GRÜNE FRAKTION",1,0,"Aargau",NA,"Oberflachs",5108,"Nationalrat",2017-11-27,NA,1,NA,NA,NA,NA,NA,"KaelinIrene","2977817361","1109550479221157893",2019-03-23T19:20:23Z
"Peter","Keller","m",NA,1971-04-22,NA,"www.kellerpeter.ch",NA,"Parliamentarian","MP","Person","SCHWEIZERISCHE VOLKSPARTEI","FRAKTION DER SCHWEIZERISCHEN VOLKSPARTEI",1,0,"Nidwalden",NA,"Hergiswil",6052,"Nationalrat",2011-12-05,NA,1,NA,NA,NA,NA,NA,NA,NA,NA,NA
"Barbara","Keller-Inhelder","f",NA,1968-08-24,NA,"www.keller-inhelder.ch",NA,"Parliamentarian","MP","Person","SCHWEIZERISCHE VOLKSPARTEI","FRAKTION DER SCHWEIZERISCHEN VOLKSPARTEI",1,0,"St. Gallen",NA,"Rapperswil-Jona",8645,"Nationalrat",2015-11-30,NA,1,NA,NA,NA,NA,NA,NA,NA,NA,NA
"Margret","Nellen","f",NA,1953-04-17,NA,"www.kienernellen.ch",NA,"Parliamentarian","MP","Person","SOZIALDEMOKRATISCHE PARTEI DER SCHWEIZ","SOZIALDEMOKRATISCHE FRAKTION",1,0,"Bern",NA,"Bolligen",3065,"Nationalrat",2003-12-01,NA,1,NA,NA,NA,NA,NA,"margretkiener","3208154031","1108631423571902464",2019-03-21T06:28:23Z
"Hansjörg","Knecht","m",NA,2011-12-05,NA,"www.hansjoerg-knecht.ch",NA,"Parliamentarian","MP","Person","SCHWEIZERISCHE VOLKSPARTEI","FRAKTION DER SCHWEIZERISCHEN VOLKSPARTEI",1,0,"Aargau",NA,"Leibstadt",5325,"Nationalrat",2011-12-05,NA,1,NA,NA,NA,NA,NA,"HansjoergKnecht","2982472295","1102280864975781890",2019-03-03T17:53:32Z
"Roger","Köppel","m",NA,1965-03-21,NA,"www.rogerköppel.ch",NA,"Parliamentarian","MP","Person","SCHWEIZERISCHE VOLKSPARTEI","FRAKTION DER SCHWEIZERISCHEN VOLKSPARTEI",1,0,"Zürich",NA,"Zürich",8021,"Nationalrat",2015-11-30,NA,1,NA,NA,NA,NA,NA,"KoeppelRoger","873945156","1109829403922575361",2019-03-24T13:48:44Z
"Philipp","Kutter","m",NA,1975-08-31,NA,"www.philippkutter.ch",NA,"Parliamentarian","MP","Person","CHRISTLICHDEMOKRATISCHE VOLKSPARTEI DER SCHWEIZ","CVP-FRAKTION",1,0,"Zürich",NA,"Wädenswil",8820,"Nationalrat",2018-06-11,NA,1,NA,NA,NA,NA,NA,"PhilippKutter","316336539","1109858107415556100",2019-03-24T15:42:47Z
"Martin","Landolt","m",NA,1968-06-30,NA,"www.landolt.info",NA,"Parliamentarian","MP","Person","BÜRGERLICH-DEMOKRATISCHE PARTEI SCHWEIZ","FRAKTION BD",1,0,"Glarus",NA,"Näfels",8752,"Nationalrat",2009-03-02,NA,1,NA,NA,NA,NA,NA,"LandoltMartin","761741430","1109830224856969216",2019-03-24T13:51:59Z
"Christian","Lohr","m",NA,1962-04-05,NA,"www.lohr.ch",NA,"Parliamentarian","MP","Person","CHRISTLICHDEMOKRATISCHE VOLKSPARTEI DER SCHWEIZ","CVP-FRAKTION",1,0,"Thurgau",NA,"Kreuzlingen",8280,"Nationalrat",2011-12-05,NA,1,NA,NA,NA,NA,NA,"Ch_Lohr","327254073","1108606572366835712",2019-03-21T04:49:38Z
"Christian","Lüscher","m",NA,1963-12-06,NA,"www.cms-vep.com",NA,"Parliamentarian","MP","Person","FDP.DIE LIBERALEN","FDP-LIBERALE FRAKTION",1,0,"Genf",NA,"Genève",1211,"Nationalrat",2007-12-03,NA,1,NA,NA,NA,NA,NA,NA,NA,NA,NA
"Jacques-André","Maire","m",NA,1957-05-27,NA,"www.j-a-maire.ch",NA,"Parliamentarian","MP","Person","SOZIALDEMOKRATISCHE PARTEI DER SCHWEIZ","SOZIALDEMOKRATISCHE FRAKTION",1,0,"Neuenburg",NA,"Les Ponts-de-Martel",2316,"Nationalrat",2009-09-21,NA,1,NA,NA,NA,NA,NA,"MaireJack","815578430","1109339110550978560",2019-03-23T05:20:29Z
"Géraldine","Marchand-Balet","f",NA,1971-01-18,NA,NA,NA,"Parliamentarian","MP","Person","CHRISTLICHDEMOKRATISCHE VOLKSPARTEI DER SCHWEIZ","CVP-FRAKTION",1,0,"Wallis",NA,"Grimisuat",1971,"Nationalrat",2015-11-30,NA,1,NA,NA,NA,NA,NA,"GMarchand_Balet","2449367689","1106168838385750016",2019-03-14T11:22:57Z
"Christa","Markwalder","f",NA,1975-07-27,NA,"www.christa-markwalder.ch",NA,"Parliamentarian","MP","Person","FDP.DIE LIBERALEN","FDP-LIBERALE FRAKTION",1,0,"Bern",NA,"Burgdorf",3400,"Nationalrat",2003-12-01,NA,1,NA,NA,NA,NA,NA,"ChristaMarkwald","226922317","1109050983106179072",2019-03-22T10:15:34Z
"Ada","Marra","f",NA,1973-03-10,NA,"www.adamarra.blogspot.com",NA,"Parliamentarian","MP","Person","SOZIALDEMOKRATISCHE PARTEI DER SCHWEIZ","SOZIALDEMOKRATISCHE FRAKTION",1,0,"Waadt",NA,"Lausanne",1005,"Nationalrat",2007-12-03,NA,1,NA,NA,NA,NA,NA,"ada_marra","607353825","1109881847385714688",2019-03-24T17:17:07Z
"Min","Marti","f",NA,1974-06-01,NA,"www.minli-marti.ch",NA,"Parliamentarian","MP","Person","SOZIALDEMOKRATISCHE PARTEI DER SCHWEIZ","SOZIALDEMOKRATISCHE FRAKTION",1,0,"Zürich",NA,"Zürich",8004,"Nationalrat",2015-11-30,NA,1,NA,NA,NA,NA,NA,"minlimarti","107053461","1110071621040201733",2019-03-25T05:51:13Z
"Samira","Marti","f",NA,1994-01-23,NA,"www.samira-marti.ch",NA,"Parliamentarian","MP","Person","SOZIALDEMOKRATISCHE PARTEI DER SCHWEIZ","SOZIALDEMOKRATISCHE FRAKTION",1,0,"Basel-Landschaft",NA,"Liestal",4410,"Nationalrat",2018-12-10,NA,1,NA,NA,NA,NA,NA,"SamiraMarti","1690746518","1109914537103376385",2019-03-24T19:27:01Z
"Magdalena","Martullo-Blocher","f",NA,1969-08-13,NA,"www.martullo-blocher.ch",NA,"Parliamentarian","MP","Person","SCHWEIZERISCHE VOLKSPARTEI","FRAKTION DER SCHWEIZERISCHEN VOLKSPARTEI",1,0,"Graubünden",NA,"Herrliberg",8704,"Nationalrat",2015-11-30,NA,1,NA,NA,NA,NA,NA,NA,NA,NA,NA
"Nadine","Masshardt","f",NA,1984-10-04,NA,"www.nadinemasshardt.ch",NA,"Parliamentarian","MP","Person","SOZIALDEMOKRATISCHE PARTEI DER SCHWEIZ","SOZIALDEMOKRATISCHE FRAKTION",1,0,"Bern",NA,"Bern",3012,"Nationalrat",2013-03-04,NA,1,NA,NA,NA,NA,NA,"nmasshardt","1228066279","1109881198535413760",2019-03-24T17:14:32Z
"Thomas","Matter","m",NA,1966-03-23,NA,"www.thomasmatter.ch",NA,"Parliamentarian","MP","Person","SCHWEIZERISCHE VOLKSPARTEI","FRAKTION DER SCHWEIZERISCHEN VOLKSPARTEI",1,0,"Zürich",NA,"Zürich",8008,"Nationalrat",2014-06-02,NA,1,NA,NA,NA,NA,NA,NA,NA,NA,NA
"Lisa","Mazzone","f",NA,1988-01-25,NA,NA,NA,"Parliamentarian","MP","Person","GRÜNE PARTEI DER SCHWEIZ","GRÜNE FRAKTION",1,0,"Genf",NA,"Genève",1205,"Nationalrat",2015-11-30,NA,1,NA,NA,NA,NA,NA,NA,NA,NA,NA
"Giovanni","Merlini","m",NA,1962-05-27,NA,"www.giovannimerlini.ch",NA,"Parliamentarian","MP","Person","FDP.DIE LIBERALEN","FDP-LIBERALE FRAKTION",1,0,"Tessin",NA,"Minusio",6648,"Nationalrat",2014-03-10,NA,1,NA,NA,NA,NA,NA,NA,NA,NA,NA
"Mattea","Meyer","f",NA,1987-11-09,NA,"www.matteameyer.ch",NA,"Parliamentarian","MP","Person","SOZIALDEMOKRATISCHE PARTEI DER SCHWEIZ","SOZIALDEMOKRATISCHE FRAKTION",1,0,"Zürich",NA,"Winterthur",8400,"Nationalrat",2015-11-30,NA,1,NA,NA,NA,NA,NA,"meyer_mattea","2881577681","1110085572406796288",2019-03-25T06:46:39Z
"Fabian","Molina","m",NA,1990-07-08,NA,"www.fabianmolina.ch",NA,"Parliamentarian","MP","Person","SOZIALDEMOKRATISCHE PARTEI DER SCHWEIZ","SOZIALDEMOKRATISCHE FRAKTION",1,0,"Zürich",NA,"Uster",8610,"Nationalrat",2018-03-15,NA,1,NA,NA,NA,NA,NA,"molinafab","1095889302","1109864852238098435",2019-03-24T16:09:35Z
"Isabelle","Moret","f",NA,1970-12-30,NA,"www.isabelle-moret.ch",NA,"Parliamentarian","MP","Person","FDP.DIE LIBERALEN","FDP-LIBERALE FRAKTION",1,0,"Waadt",NA,"Yens",1169,"Nationalrat",2006-12-04,NA,1,NA,NA,NA,NA,NA,"IsabelleMoret","155823857","1105012456785616896",2019-03-11T06:47:54Z
"Tiana","Moser","f",NA,1979-04-06,NA,"www.tianamoser.ch",NA,"Parliamentarian","MP","Person","GRÜNLIBERALE PARTEI","GRÜNLIBERALE FRAKTION",1,0,"Zürich",NA,"Zürich",8032,"Nationalrat",2007-12-03,NA,1,NA,NA,NA,NA,NA,"tiana_moser","906476588983824386","1109915305239891968",2019-03-24T19:30:04Z
"Walter","Müller","m",NA,1948-04-25,NA,"www.walter-mueller.ch",NA,"Parliamentarian","MP","Person","FDP.DIE LIBERALEN","FDP-LIBERALE FRAKTION",1,0,"St. Gallen",NA,"Azmoos",9478,"Nationalrat",2003-12-01,NA,1,NA,NA,NA,NA,NA,NA,NA,NA,NA
"Thomas","Müller","m",NA,1952-12-01,NA,NA,NA,"Parliamentarian","MP","Person","SCHWEIZERISCHE VOLKSPARTEI","FRAKTION DER SCHWEIZERISCHEN VOLKSPARTEI",1,0,"St. Gallen",NA,"Rorschach",9400,"Nationalrat",2006-12-04,NA,1,NA,NA,NA,NA,NA,NA,NA,NA,NA
"Leo","Müller","m",NA,1958-07-04,NA,"www.leo-mueller.ch",NA,"Parliamentarian","MP","Person","CHRISTLICHDEMOKRATISCHE VOLKSPARTEI DER SCHWEIZ","CVP-FRAKTION",1,0,"Luzern",NA,"Ruswil",6017,"Nationalrat",2011-12-05,NA,1,NA,NA,NA,NA,NA,NA,NA,NA,NA
"Stefan","Müller-Altermatt","m",NA,1976-06-17,NA,"www.mueller-altermatt.ch",NA,"Parliamentarian","MP","Person","CHRISTLICHDEMOKRATISCHE VOLKSPARTEI DER SCHWEIZ","CVP-FRAKTION",1,0,"Solothurn",NA,"Herbetswil",4715,"Nationalrat",2011-12-05,NA,1,NA,NA,NA,NA,NA,"MullerAltermatt","458597614","1109027401340801029",2019-03-22T08:41:51Z
"Martina","Munz","f",NA,1955-12-26,NA,"www.martinamunz.ch",NA,"Parliamentarian","MP","Person","SOZIALDEMOKRATISCHE PARTEI DER SCHWEIZ","SOZIALDEMOKRATISCHE FRAKTION",1,0,"Schaffhausen",NA,"Hallau",8215,"Nationalrat",2013-09-09,NA,1,NA,NA,NA,NA,NA,"MartinaMunz","780565772","1109046214299971584",2019-03-22T09:56:37Z
"Felix","Müri","m",NA,1958-01-22,NA,"www.mueri.info",NA,"Parliamentarian","MP","Person","SCHWEIZERISCHE VOLKSPARTEI","FRAKTION DER SCHWEIZERISCHEN VOLKSPARTEI",1,0,"Luzern",NA,"Emmenbrücke",6020,"Nationalrat",2003-12-01,NA,1,NA,NA,NA,NA,NA,NA,NA,NA,NA
"Martin","Naef","m",NA,1970-11-10,NA,"www.martin-naef.ch",NA,"Parliamentarian","MP","Person","SOZIALDEMOKRATISCHE PARTEI DER SCHWEIZ","SOZIALDEMOKRATISCHE FRAKTION",1,0,"Zürich",NA,"Zürich",8031,"Nationalrat",2011-12-05,NA,1,NA,NA,NA,NA,NA,NA,NA,NA,NA
"Philippe","Nantermod","m",NA,1984-03-27,NA,"www.nantermod.com",NA,"Parliamentarian","MP","Person","FDP.DIE LIBERALEN","FDP-LIBERALE FRAKTION",1,0,"Wallis",NA,"Sion",1950,"Nationalrat",2015-11-30,NA,1,NA,NA,NA,NA,NA,"nantermod","20442734","1108993776196960256",2019-03-22T06:28:15Z
"Jacques","Nicolet","m",NA,1965-10-24,NA,NA,NA,"Parliamentarian","MP","Person","SCHWEIZERISCHE VOLKSPARTEI","FRAKTION DER SCHWEIZERISCHEN VOLKSPARTEI",1,0,"Waadt",NA,"Lignerolle",1357,"Nationalrat",2015-11-30,NA,1,NA,NA,NA,NA,NA,NA,NA,NA,NA
"Yves","Nidegger","m",NA,1957-05-17,NA,"www.nideggerlaw.ch",NA,"Parliamentarian","MP","Person","SCHWEIZERISCHE VOLKSPARTEI","FRAKTION DER SCHWEIZERISCHEN VOLKSPARTEI",1,0,"Genf",NA,"Genève",1206,"Nationalrat",2007-12-03,NA,1,NA,NA,NA,NA,NA,"YvesNidegger","2991955251","1075296724615350000",2018-12-20T22:22:22Z
"Roger","Nordmann","m",NA,1973-03-23,NA,"www.roger-nordmann.ch",NA,"Parliamentarian","MP","Person","SOZIALDEMOKRATISCHE PARTEI DER SCHWEIZ","SOZIALDEMOKRATISCHE FRAKTION",1,0,"Waadt",NA,"Lausanne",1003,"Nationalrat",2004-11-30,NA,1,NA,NA,NA,NA,NA,"NordmannRoger","778644518","1109922324856356864",2019-03-24T19:57:58Z
"Eric","Nussbaumer","m",NA,1960-07-11,NA,NA,NA,"Parliamentarian","MP","Person","SOZIALDEMOKRATISCHE PARTEI DER SCHWEIZ","SOZIALDEMOKRATISCHE FRAKTION",1,0,"Basel-Landschaft",NA,"Liestal",4410,"Nationalrat",2007-12-03,NA,1,NA,NA,NA,NA,NA,"enussbi","1052528581","1110096957287084033",2019-03-25T07:31:53Z
"Nicolo","Paganini","m",NA,1966-06-08,NA,"www.nicolo-paganini.ch",NA,"Parliamentarian","MP","Person","CHRISTLICHDEMOKRATISCHE VOLKSPARTEI DER SCHWEIZ","CVP-FRAKTION",1,0,"St. Gallen",NA,"St. Gallen",9008,"Nationalrat",2018-03-12,NA,1,NA,NA,NA,NA,NA,"paganini_nr","2869699084","1109567089470255106",2019-03-23T20:26:23Z
"Pierre-André","Page","m",NA,1960-04-19,NA,"www.pierreandrepage.ch",NA,"Parliamentarian","MP","Person","SCHWEIZERISCHE VOLKSPARTEI","FRAKTION DER SCHWEIZERISCHEN VOLKSPARTEI",1,0,"Freiburg",NA,"Châtonnaye",1553,"Nationalrat",2015-11-30,NA,1,NA,NA,NA,NA,NA,NA,NA,NA,NA
"Roberta","Pantani","f",NA,1965-09-19,NA,"www.robertapantani.ch",NA,"Parliamentarian","MP","Person","LEGA DEI TICINESI","FRAKTION DER SCHWEIZERISCHEN VOLKSPARTEI",1,0,"Tessin",NA,"Chiasso",6830,"Nationalrat",2011-12-05,NA,1,NA,NA,NA,NA,NA,"RobiPanta","350198606","1108630741380939778",2019-03-21T06:25:40Z
"Corrado","Pardini","m",NA,1965-06-19,NA,"www.pardini.ch",NA,"Parliamentarian","MP","Person","SOZIALDEMOKRATISCHE PARTEI DER SCHWEIZ","SOZIALDEMOKRATISCHE FRAKTION",1,0,"Bern",NA,"Lyss",3250,"Nationalrat",2011-05-30,NA,1,NA,NA,NA,NA,NA,NA,NA,NA,NA
"Bruno","Pezzatti","m",NA,1951-03-04,NA,"www.bruno-pezzatti.ch",NA,"Parliamentarian","MP","Person","FDP.DIE LIBERALEN","FDP-LIBERALE FRAKTION",1,0,"Zug",NA,"Zug",6300,"Nationalrat",2011-12-05,NA,1,NA,NA,NA,NA,NA,NA,NA,NA,NA
"Gerhard","Pfister","m",NA,1962-10-01,NA,"www.gpfister.ch",NA,"Parliamentarian","MP","Person","CHRISTLICHDEMOKRATISCHE VOLKSPARTEI DER SCHWEIZ","CVP-FRAKTION",1,0,"Zug",NA,"Oberägeri",6315,"Nationalrat",2003-12-01,NA,1,NA,NA,NA,NA,NA,"gerhardpfister","3291242279","1110097119434686464",2019-03-25T07:32:32Z
"Nadja","Pieren","f",NA,1980-02-14,NA,"www.nadja-pieren.ch",NA,"Parliamentarian","MP","Person","SCHWEIZERISCHE VOLKSPARTEI","FRAKTION DER SCHWEIZERISCHEN VOLKSPARTEI",1,0,"Bern",NA,"Kaltacker",3413,"Nationalrat",2011-12-05,NA,1,NA,NA,NA,NA,NA,NA,NA,NA,NA
"Valérie","Carrard","f",NA,1978-09-09,NA,"www.valerie-piller-carrard.ch",NA,"Parliamentarian","MP","Person","SOZIALDEMOKRATISCHE PARTEI DER SCHWEIZ","SOZIALDEMOKRATISCHE FRAKTION",1,0,"Freiburg",NA,"Cheyres",1468,"Nationalrat",2011-12-05,NA,1,NA,NA,NA,NA,NA,"Valerie_Piller","621159422","1108412681390825472",2019-03-20T15:59:11Z
"Hans-Peter","Portmann","m",NA,1963-02-22,NA,"www.hanspeter-portmann.ch",NA,"Parliamentarian","MP","Person","FDP.DIE LIBERALEN","FDP-LIBERALE FRAKTION",1,0,"Zürich",NA,"Zürich",8027,"Nationalrat",2014-05-07,NA,1,NA,NA,NA,NA,NA,"HPPortmann","109517535","1108637382868434944",2019-03-21T06:52:04Z
"Rosmarie","Quadranti","f",NA,1957-07-18,NA,"www.rosmarie-quadranti.ch",NA,"Parliamentarian","MP","Person","BÜRGERLICH-DEMOKRATISCHE PARTEI SCHWEIZ","FRAKTION BD",1,0,"Zürich",NA,"Illnau",8308,"Nationalrat",2011-12-05,NA,1,NA,NA,NA,NA,NA,"QuadrantiR","3130690545","1109151533868945414",2019-03-22T16:55:07Z
"Lorenzo","Quadri","m",NA,1974-11-05,NA,"www.lorenzoquadri.ch",NA,"Parliamentarian","MP","Person","LEGA DEI TICINESI","FRAKTION DER SCHWEIZERISCHEN VOLKSPARTEI",1,0,"Tessin",NA,"Lugano",6904,"Nationalrat",2011-05-30,NA,1,NA,NA,NA,NA,NA,"LorenzQuadri","323132835","1109933830885044227",2019-03-24T20:43:41Z
"Fabio","Regazzi","m",NA,1962-06-22,NA,"www.fabioregazzi.ch",NA,"Parliamentarian","MP","Person","CHRISTLICHDEMOKRATISCHE VOLKSPARTEI DER SCHWEIZ","CVP-FRAKTION",1,0,"Tessin",NA,"Gordola",6596,"Nationalrat",2011-12-05,NA,1,NA,NA,NA,NA,NA,"fregazzi","991720068","1109571645755146240",2019-03-23T20:44:29Z
"Maximilian","Reimann","m",NA,1942-05-07,NA,"www.maximilian-reimann.ch",NA,"Parliamentarian","MP","Person","SCHWEIZERISCHE VOLKSPARTEI","FRAKTION DER SCHWEIZERISCHEN VOLKSPARTEI",1,0,"Aargau",NA,"Gipf-Oberfrick",5073,"Nationalrat",2011-12-05,NA,1,NA,NA,NA,NA,NA,"maximilian_rei","3064353419","926106506893890000",2017-11-22T22:22:22Z
"Lukas","Reimann","m",NA,1982-09-18,NA,"www.lukas-reimann.ch",NA,"Parliamentarian","MP","Person","SCHWEIZERISCHE VOLKSPARTEI","FRAKTION DER SCHWEIZERISCHEN VOLKSPARTEI",1,0,"St. Gallen",NA,"Wil",9501,"Nationalrat",2007-12-03,NA,1,NA,NA,NA,NA,NA,"lukasreimann","26531313","1109547642986655744",2019-03-23T19:09:07Z
"Mathias","Reynard","m",NA,1987-09-07,NA,"www.mathiasreynard.ch",NA,"Parliamentarian","MP","Person","SOZIALDEMOKRATISCHE PARTEI DER SCHWEIZ","SOZIALDEMOKRATISCHE FRAKTION",1,0,"Wallis",NA,"Savièse",1965,"Nationalrat",2011-12-05,NA,1,NA,NA,NA,NA,NA,"MathiasReynard","406232148","1110096797467377664",2019-03-25T07:31:15Z
"Natalie","Rickli","f",NA,1976-11-19,NA,"www.natalie-rickli.ch",NA,"Parliamentarian","MP","Person","SCHWEIZERISCHE VOLKSPARTEI","FRAKTION DER SCHWEIZERISCHEN VOLKSPARTEI",1,0,"Zürich",NA,"Winterthur",8310,"Nationalrat",2007-12-03,NA,1,NA,NA,NA,NA,NA,"NatalieRickli","190944081","1109874040783671297",2019-03-24T16:46:06Z
"Kathy","Riklin","f",NA,1952-10-21,NA,"www.kathyriklin.ch",NA,"Parliamentarian","MP","Person","CHRISTLICHDEMOKRATISCHE VOLKSPARTEI DER SCHWEIZ","CVP-FRAKTION",1,0,"Zürich",NA,"Zürich",8001,"Nationalrat",1999-12-06,NA,1,NA,NA,NA,NA,NA,"KathyRiklin","93878848","1110103749224210434",2019-03-25T07:58:53Z
"Jean-François","Rime","m",NA,1950-06-28,NA,NA,NA,"Parliamentarian","MP","Person","SCHWEIZERISCHE VOLKSPARTEI","FRAKTION DER SCHWEIZERISCHEN VOLKSPARTEI",1,0,"Freiburg",NA,"Bulle",1630,"Nationalrat",2003-12-01,NA,1,NA,NA,NA,NA,NA,"jfrime","1626089100","663312202917638145",2015-11-22T22:22:22Z
"Markus","Ritter","m",NA,1967-04-19,NA,"www.markusritter.ch",NA,"Parliamentarian","MP","Person","CHRISTLICHDEMOKRATISCHE VOLKSPARTEI DER SCHWEIZ","CVP-FRAKTION",1,0,"St. Gallen",NA,"Altstätten",9450,"Nationalrat",2011-12-05,NA,1,NA,NA,NA,NA,NA,NA,NA,NA,NA
"Benjamin","Roduit","m",NA,1962-11-22,NA,"www.benjaminpdc.ch",NA,"Parliamentarian","MP","Person","CHRISTLICHDEMOKRATISCHE VOLKSPARTEI DER SCHWEIZ","CVP-FRAKTION",1,0,"Wallis",NA,"Saillon",1913,"Nationalrat",2018-02-26,NA,1,NA,NA,NA,NA,NA,"roduitbenjamin","2317281625","1109031835290533889",2019-03-22T08:59:29Z
"Marco","Romano","m",NA,1982-11-06,NA,"www.marcoromano.ch",NA,"Parliamentarian","MP","Person","CHRISTLICHDEMOKRATISCHE VOLKSPARTEI DER SCHWEIZ","CVP-FRAKTION",1,0,"Tessin",NA,"Mendrisio",6850,"Nationalrat",2011-12-05,NA,1,NA,NA,NA,NA,NA,"MarcoRomanoPPD","50262858","1109159450202517506",2019-03-22T17:26:34Z
"Albert","Rösti","m",NA,1967-08-07,NA,"www.albertroesti.ch",NA,"Parliamentarian","MP","Person","SCHWEIZERISCHE VOLKSPARTEI","FRAKTION DER SCHWEIZERISCHEN VOLKSPARTEI",1,0,"Bern",NA,"Uetendorf",3661,"Nationalrat",2011-12-05,NA,1,NA,NA,NA,NA,NA,NA,NA,NA,NA
"Rebecca","Ruiz","f",NA,1982-02-04,NA,"www.rebeccaruiz.ch",NA,"Parliamentarian","MP","Person","SOZIALDEMOKRATISCHE PARTEI DER SCHWEIZ","SOZIALDEMOKRATISCHE FRAKTION",1,0,"Waadt",NA,"Lausanne",1004,"Nationalrat",2014-06-02,NA,1,NA,NA,NA,NA,NA,"reb_ruiz","938685108","1106240224298975232",2019-03-14T16:06:37Z
"Franz","Ruppen","m",NA,1971-02-24,NA,"www.franz-ruppen.ch",NA,"Parliamentarian","MP","Person","SCHWEIZERISCHE VOLKSPARTEI","FRAKTION DER SCHWEIZERISCHEN VOLKSPARTEI",1,0,"Wallis",NA,"Naters",3904,"Nationalrat",2015-11-30,NA,1,NA,NA,NA,NA,NA,NA,NA,NA,NA
"Gregor","Rutz","m",NA,1972-10-12,NA,"www.gregor-rutz.ch",NA,"Parliamentarian","MP","Person","SCHWEIZERISCHE VOLKSPARTEI","FRAKTION DER SCHWEIZERISCHEN VOLKSPARTEI",1,0,"Zürich",NA,"Zollikon",8702,"Nationalrat",2012-11-26,NA,1,NA,NA,NA,NA,NA,NA,NA,NA,NA
"Regula","Rytz","f",NA,1962-03-02,NA,"www.regularytz.ch",NA,"Parliamentarian","MP","Person","GRÜNE PARTEI DER SCHWEIZ","GRÜNE FRAKTION",1,0,"Bern",NA,"Thun",3600,"Nationalrat",2011-12-05,NA,1,NA,NA,NA,NA,NA,"RegulaRytz","1530247224","1109948792315482119",2019-03-24T21:43:08Z
"Werner","Salzmann","m",NA,1962-11-05,NA,"www.werner-salzmann.ch",NA,"Parliamentarian","MP","Person","SCHWEIZERISCHE VOLKSPARTEI","FRAKTION DER SCHWEIZERISCHEN VOLKSPARTEI",1,0,"Bern",NA,"Mülchi",3317,"Nationalrat",2015-11-30,NA,1,NA,NA,NA,NA,NA,"WernerSalzmann","3133285757","1108357791650074626",2019-03-20T12:21:04Z
"Regine","Sauter","f",NA,1966-04-16,NA,"www.regine-sauter.ch",NA,"Parliamentarian","MP","Person","FDP.DIE LIBERALEN","FDP-LIBERALE FRAKTION",1,0,"Zürich",NA,"Zürich",8021,"Nationalrat",2015-11-30,NA,1,NA,NA,NA,NA,NA,NA,NA,NA,NA
"Silvia","Schenker","f",NA,1954-01-17,NA,"www.silviaschenker.ch",NA,"Parliamentarian","MP","Person","SOZIALDEMOKRATISCHE PARTEI DER SCHWEIZ","SOZIALDEMOKRATISCHE FRAKTION",1,0,"Basel-Stadt",NA,"Basel",4056,"Nationalrat",2003-12-01,NA,1,NA,NA,NA,NA,NA,"SchenkerSilvia","303319566","1109934138436579335",2019-03-24T20:44:54Z
"Peter","Schilliger","m",NA,1959-06-01,NA,"www.peter-schilliger.ch",NA,"Parliamentarian","MP","Person","FDP.DIE LIBERALEN","FDP-LIBERALE FRAKTION",1,0,"Luzern",NA,"Udligenswil",6044,"Nationalrat",2012-09-10,NA,1,NA,NA,NA,NA,NA,"Schilliger",NA,NA,NA
"Daniela","Schneeberger","f",NA,1967-09-19,NA,"www.danielaschneeberger.ch",NA,"Parliamentarian","MP","Person","FDP.DIE LIBERALEN","FDP-LIBERALE FRAKTION",1,0,"Basel-Landschaft",NA,"Sissach",4450,"Nationalrat",2011-12-05,NA,1,NA,NA,NA,NA,NA,"SchneeDani67","4702673004","1109191707889987584",2019-03-22T19:34:45Z
"Ursula","Schüttel","f",NA,1961-11-26,NA,"www.ursulaschneider.ch",NA,"Parliamentarian","MP","Person","SOZIALDEMOKRATISCHE PARTEI DER SCHWEIZ","SOZIALDEMOKRATISCHE FRAKTION",1,0,"Freiburg",NA,"Murten",3280,"Nationalrat",2017-02-27,NA,1,NA,NA,NA,NA,NA,"uschneiderschue","2899280753","1110082746796396545",2019-03-25T06:35:25Z
"Elisabeth","Schneider-Schneiter","f",NA,1964-02-19,NA,"www.elisabethschneider.ch",NA,"Parliamentarian","MP","Person","CHRISTLICHDEMOKRATISCHE VOLKSPARTEI DER SCHWEIZ","CVP-FRAKTION",1,0,"Basel-Landschaft",NA,"Biel-Benken",4105,"Nationalrat",2010-11-29,NA,1,NA,NA,NA,NA,NA,"Elisabeth_S_S","263582303","1110106975554228224",2019-03-25T08:11:42Z
"Pirmin","Schwander","m",NA,1961-12-28,NA,"www.pirmin-schwander.ch",NA,"Parliamentarian","MP","Person","SCHWEIZERISCHE VOLKSPARTEI","FRAKTION DER SCHWEIZERISCHEN VOLKSPARTEI",1,0,"Schwyz",NA,"Lachen",8853,"Nationalrat",2003-12-01,NA,1,NA,NA,NA,NA,NA,NA,NA,NA,NA
"Priska","Graf","f",NA,1968-08-29,NA,"www.priskaseilergraf.ch",NA,"Parliamentarian","MP","Person","SOZIALDEMOKRATISCHE PARTEI DER SCHWEIZ","SOZIALDEMOKRATISCHE FRAKTION",1,0,"Zürich",NA,"Kloten",8302,"Nationalrat",2015-11-30,NA,1,NA,NA,NA,NA,NA,"seilergraf","743779500341792768","1110080693894344704",2019-03-25T06:27:16Z
"Silva","Semadeni","f",NA,1952-02-08,NA,"www.silvasemadeni.ch",NA,"Parliamentarian","MP","Person","SOZIALDEMOKRATISCHE PARTEI DER SCHWEIZ","SOZIALDEMOKRATISCHE FRAKTION",1,0,"Graubünden",NA,"Coira",7000,"Nationalrat",2011-12-05,NA,1,NA,NA,NA,NA,NA,NA,NA,NA,NA
"Heinz","Siegenthaler","m",NA,1955-10-11,NA,"www.heinzsiegenthaler.ch",NA,"Parliamentarian","MP","Person","BÜRGERLICH-DEMOKRATISCHE PARTEI SCHWEIZ","FRAKTION BD",1,0,"Bern",NA,"Rüti b. Bern",3295,"Nationalrat",2017-09-11,NA,1,NA,NA,NA,NA,NA,"h_siegenthaler","969185938898345985","1109555760252534785",2019-03-23T19:41:22Z
"Sandra","Sollberger","f",NA,1973-10-27,NA,NA,NA,"Parliamentarian","MP","Person","SCHWEIZERISCHE VOLKSPARTEI","FRAKTION DER SCHWEIZERISCHEN VOLKSPARTEI",1,0,"Basel-Landschaft",NA,"Bubendorf",4416,"Nationalrat",2015-11-30,NA,1,NA,NA,NA,NA,NA,"SaSollberger","556256043","1104130467937337344",2019-03-08T20:23:11Z
"Carlo","Sommaruga","m",NA,1959-07-08,NA,"www.carlosommaruga.ch",NA,"Parliamentarian","MP","Person","SOZIALDEMOKRATISCHE PARTEI DER SCHWEIZ","SOZIALDEMOKRATISCHE FRAKTION",1,0,"Genf",NA,"Genève",1201,"Nationalrat",2003-12-01,NA,1,NA,NA,NA,NA,NA,"CarloSommaruga","157431387","1110071909666967553",2019-03-25T05:52:22Z
"Jürg","Stahl","m",NA,1968-01-16,NA,"www.juergstahl.ch",NA,"Parliamentarian","MP","Person","SCHWEIZERISCHE VOLKSPARTEI","FRAKTION DER SCHWEIZERISCHEN VOLKSPARTEI",1,0,"Zürich",NA,"Winterthur",8310,"Nationalrat",1999-12-06,NA,1,NA,NA,NA,NA,NA,NA,NA,NA,NA
"Luzi","Stamm","m",NA,1952-09-09,NA,"www.luzi-stamm.ch",NA,"Parliamentarian","MP","Person","SCHWEIZERISCHE VOLKSPARTEI","FRAKTION DER SCHWEIZERISCHEN VOLKSPARTEI",1,0,"Aargau",NA,"Baden",5400,"Nationalrat",1991-11-25,NA,1,NA,NA,NA,NA,NA,"LuziStamm","350243582","1061247021296877569",2018-11-22T22:22:22Z
"Barbara","Steinemann","f",NA,1976-06-18,NA,"www.barbara-steinemann.ch",NA,"Parliamentarian","MP","Person","SCHWEIZERISCHE VOLKSPARTEI","FRAKTION DER SCHWEIZERISCHEN VOLKSPARTEI",1,0,"Zürich",NA,"Watt-Regensdorf",8105,"Nationalrat",2015-11-30,NA,1,NA,NA,NA,NA,NA,"BabaSteinemann","385293664","1110100848330395648",2019-03-25T07:47:21Z
"Marianne","Streiff-Feller","f",NA,1957-08-17,NA,"www.marianne-streiff.ch",NA,"Parliamentarian","MP","Person","EVANGELISCHE VOLKSPARTEI DER SCHWEIZ","CVP-FRAKTION",1,0,"Bern",NA,"Urtenen-Schönbühl",3322,"Nationalrat",2010-09-13,NA,1,NA,NA,NA,NA,NA,"MarianneStreiff","2226700633","1109197336968867840",2019-03-22T19:57:07Z
"Adèle","Goumaz","f",NA,1971-12-15,NA,"www.adelethorens.ch",NA,"Parliamentarian","MP","Person","GRÜNE PARTEI DER SCHWEIZ","GRÜNE FRAKTION",1,0,"Waadt",NA,"Lausanne",1000,"Nationalrat",2007-12-03,NA,1,NA,NA,NA,NA,NA,"adelethorens","2870723938","1110104759065821184",2019-03-25T08:02:53Z
"Michael","Töngi","m",NA,1967-03-16,NA,"www.michael-toengi.ch",NA,"Parliamentarian","MP","Person","GRÜNE PARTEI DER SCHWEIZ","GRÜNE FRAKTION",1,0,"Luzern",NA,"Kriens",6010,"Nationalrat",2018-03-12,NA,1,NA,NA,NA,NA,NA,"mtoengi","2353332248","1109841443407970304",2019-03-24T14:36:34Z
"Manuel","Tornare","m",NA,1951-04-20,NA,"www.manueltornare.ch",NA,"Parliamentarian","MP","Person","SOZIALDEMOKRATISCHE PARTEI DER SCHWEIZ","SOZIALDEMOKRATISCHE FRAKTION",1,0,"Genf",NA,"Plan-les-Ouates",1228,"Nationalrat",2011-12-05,NA,1,NA,NA,NA,NA,NA,"ManuelTornare","485885985","1110100734677303296",2019-03-25T07:46:54Z
"Aline","Trede","f",NA,1983-08-26,NA,"www.alinetrede.ch",NA,"Parliamentarian","MP","Person","GRÜNE PARTEI DER SCHWEIZ","GRÜNE FRAKTION",1,0,"Bern",NA,"Bern",3008,"Nationalrat",2018-05-29,NA,1,NA,NA,NA,NA,NA,"alinetrede","264811652","1109867533404962818",2019-03-24T16:20:14Z
"Mauro","Tuena","m",NA,1972-01-25,NA,"www.mauro-tuena.ch",NA,"Parliamentarian","MP","Person","SCHWEIZERISCHE VOLKSPARTEI","FRAKTION DER SCHWEIZERISCHEN VOLKSPARTEI",1,0,"Zürich",NA,"Zürich",8049,"Nationalrat",2015-11-30,NA,1,NA,NA,NA,NA,NA,"m_tuena","1018157677","281653077495386112",2012-12-22T22:22:22Z
"Albert","Vitali","m",NA,1955-06-26,NA,"www.albert-vitali.ch",NA,"Parliamentarian","MP","Person","FDP.DIE LIBERALEN","FDP-LIBERALE FRAKTION",1,0,"Luzern",NA,"Oberkirch",6208,"Nationalrat",2011-12-05,NA,1,NA,NA,NA,NA,NA,NA,NA,NA,NA
"Karl","Vogler","m",NA,1956-03-24,NA,"www.karlvogler.ch",NA,"Parliamentarian","MP","Person","CHRISTLICH-SOZIALE PARTEI OBWALDEN","CVP-FRAKTION",1,0,"Obwalden",NA,"Kerns",6064,"Nationalrat",2011-12-05,NA,1,NA,NA,NA,NA,NA,"KarlVogler",NA,NA,NA
"Hans-Ueli","Vogt","m",NA,1969-12-05,NA,"www.hansuelivogt.ch",NA,"Parliamentarian","MP","Person","SCHWEIZERISCHE VOLKSPARTEI","FRAKTION DER SCHWEIZERISCHEN VOLKSPARTEI",1,0,"Zürich",NA,"Zürich",8001,"Nationalrat",2015-11-30,NA,1,NA,NA,NA,NA,NA,"hansuelivogt","3063932104","974249657831391232",2018-03-22T22:22:22Z
"Erich","von Siebenthal","m",NA,1958-12-30,NA,"www.erichv7thal.ch",NA,"Parliamentarian","MP","Person","SCHWEIZERISCHE VOLKSPARTEI","FRAKTION DER SCHWEIZERISCHEN VOLKSPARTEI",1,0,"Bern",NA,"Gstaad",3780,"Nationalrat",2007-12-03,NA,1,NA,NA,NA,NA,NA,NA,NA,NA,NA
"Bruno","Walliser","m",NA,1966-04-11,NA,"www.brunowalliser.ch",NA,"Parliamentarian","MP","Person","SCHWEIZERISCHE VOLKSPARTEI","FRAKTION DER SCHWEIZERISCHEN VOLKSPARTEI",1,0,"Zürich",NA,"Volketswil",8604,"Nationalrat",2015-11-30,NA,1,NA,NA,NA,NA,NA,NA,NA,NA,NA
"Beat","Walti","m",NA,1968-11-22,NA,"www.beatwalti.ch",NA,"Parliamentarian","MP","Person","FDP.DIE LIBERALEN","FDP-LIBERALE FRAKTION",1,0,"Zürich",NA,"Zürich",8034,"Nationalrat",2014-06-02,NA,1,NA,NA,NA,NA,NA,NA,NA,NA,NA
"Christian","Wasserfallen","m",NA,1981-06-30,NA,"www.wasserfallen.news",NA,"Parliamentarian","MP","Person","FDP.DIE LIBERALEN","FDP-LIBERALE FRAKTION",1,0,"Bern",NA,"Bern",3012,"Nationalrat",2007-12-03,NA,1,NA,NA,NA,NA,NA,"cwasi","50444931","1109890730674348032",2019-03-24T17:52:25Z
"Flavia","Wasserfallen","f",NA,1979-02-07,NA,"www.flaviawasserfallen.ch",NA,"Parliamentarian","MP","Person","SOZIALDEMOKRATISCHE PARTEI DER SCHWEIZ","SOZIALDEMOKRATISCHE FRAKTION",1,0,"Bern",NA,"Bern",3014,"Nationalrat",2018-05-29,NA,1,NA,NA,NA,NA,NA,"FWasserfallen","921948812","1109868234793279488",2019-03-24T16:23:02Z
"Laurent","Wehrli","m",NA,1965-06-04,NA,"www.laurentwehrli.com",NA,"Parliamentarian","MP","Person","FDP.DIE LIBERALEN","FDP-LIBERALE FRAKTION",1,0,"Waadt",NA,"Glion",1823,"Nationalrat",2015-11-30,NA,1,NA,NA,NA,NA,NA,"LaurentWehrli","3301771943","883725757398348000",2017-07-22T22:22:22Z
"Thomas","Weibel","m",NA,1954-07-14,NA,"www.glpweibel.ch",NA,"Parliamentarian","MP","Person","GRÜNLIBERALE PARTEI","GRÜNLIBERALE FRAKTION",1,0,"Zürich",NA,"Horgen",8810,"Nationalrat",2007-12-10,NA,1,NA,NA,NA,NA,NA,NA,NA,NA,NA
"Cédric","Wermuth","m",NA,1986-02-19,NA,"www.cedricwermuth.ch",NA,"Parliamentarian","MP","Person","SOZIALDEMOKRATISCHE PARTEI DER SCHWEIZ","SOZIALDEMOKRATISCHE FRAKTION",1,0,"Aargau",NA,"Zofingen",4800,"Nationalrat",2011-12-05,NA,1,NA,NA,NA,NA,NA,"cedricwermuth","21436172","1110080952523505664",2019-03-25T06:28:18Z
"Walter","Wobmann","m",NA,1957-11-21,NA,"www.walter-wobmann.ch",NA,"Parliamentarian","MP","Person","SCHWEIZERISCHE VOLKSPARTEI","FRAKTION DER SCHWEIZERISCHEN VOLKSPARTEI",1,0,"Solothurn",NA,"Gretzenbach",5014,"Nationalrat",2003-12-01,NA,1,NA,NA,NA,NA,NA,NA,NA,NA,NA
"Adrian","Wüthrich","m",NA,1980-05-07,NA,"www.adrianwuethrich.ch",NA,"Parliamentarian","MP","Person","SOZIALDEMOKRATISCHE PARTEI DER SCHWEIZ","SOZIALDEMOKRATISCHE FRAKTION",1,0,"Bern",NA,"Huttwil",4950,"Nationalrat",2018-05-29,NA,1,NA,NA,NA,NA,NA,"adrianwuethrich","305027543","1109810741614465024",2019-03-24T12:34:34Z
"Claudio","Zanetti","m",NA,1967-06-16,NA,"www.zanetti.ch",NA,"Parliamentarian","MP","Person","SCHWEIZERISCHE VOLKSPARTEI","FRAKTION DER SCHWEIZERISCHEN VOLKSPARTEI",1,0,"Zürich",NA,"Gossau",8625,"Nationalrat",2015-11-30,NA,1,NA,NA,NA,NA,NA,"zac1967","121068845","1110089400845770752",2019-03-25T07:01:52Z
"David","Zuberbühler","m",NA,1979-02-20,NA,"www.däzubi.ch",NA,"Parliamentarian","MP","Person","SCHWEIZERISCHE VOLKSPARTEI","FRAKTION DER SCHWEIZERISCHEN VOLKSPARTEI",1,0,"Appenzell A.-Rh.",NA,"Herisau",9100,"Nationalrat",2015-11-30,NA,1,NA,NA,NA,NA,NA,NA,NA,NA,NA
"Alex","Kuprecht","m",NA,1957-12-22,NA,"www.alex-kuprecht.ch",NA,"Parliamentarian","MP","Person","SCHWEIZERISCHE VOLKSPARTEI","FRAKTION DER SCHWEIZERISCHEN VOLKSPARTEI",1,0,"Schwyz",NA,"Pfäffikon",8808,"Staenderat",2003-12-01,NA,1,NA,NA,NA,NA,NA,NA,NA,NA,NA
"Andrea","Caroni","f",NA,1980-04-19,NA,"www.andrea-caroni.ch",NA,"Parliamentarian","MP","Person","FDP.DIE LIBERALEN","FDP-LIBERALE FRAKTION",1,0,"Appenzell A.-Rh.",NA,"Herisau",9100,"Staenderat",2015-11-30,NA,1,NA,NA,NA,NA,NA,"AndreaCaroniAR","442685639","1108374816418160641",2019-03-20T13:28:43Z
"Anita","Fetz","f",NA,1957-03-19,NA,"www.fetz.ch",NA,"Parliamentarian","MP","Person","SOZIALDEMOKRATISCHE PARTEI DER SCHWEIZ","SOZIALDEMOKRATISCHE FRAKTION",1,0,"Basel-Stadt",NA,"Basel",4058,"Staenderat",2003-12-01,NA,1,NA,NA,NA,NA,NA,NA,NA,NA,NA
"Anne","Seydoux-Christe","f",NA,1958-07-07,NA,NA,NA,"Parliamentarian","MP","Person","CHRISTLICHDEMOKRATISCHE VOLKSPARTEI DER SCHWEIZ","CVP-FRAKTION",1,0,"Jura",NA,"Delémont",2800,"Staenderat",2007-12-03,NA,1,NA,NA,NA,NA,NA,NA,NA,NA,NA
"Beat","Rieder","m",NA,1963-02-12,NA,"www.beat-rieder.ch",NA,"Parliamentarian","MP","Person","CHRISTLICHDEMOKRATISCHE VOLKSPARTEI DER SCHWEIZ","CVP-FRAKTION",1,0,"Wallis",NA,"Wiler",3918,"Staenderat",2015-11-30,NA,1,NA,NA,NA,NA,NA,"RiederBeat","2832533567","1003730088565920000",2018-06-22T22:22:22Z
"Beat","Vonlanthen","m",NA,1957-04-08,NA,"www.beat-vonlanthen.ch",NA,"Parliamentarian","MP","Person","CHRISTLICHDEMOKRATISCHE VOLKSPARTEI DER SCHWEIZ","CVP-FRAKTION",1,0,"Freiburg",NA,"Heitenried",1714,"Staenderat",2015-11-30,NA,1,NA,NA,NA,NA,NA,"Beat_Vonlanthen","1947128240","1106499827704233984",2019-03-15T09:18:11Z
"Brigitte","Häberli-Koller","f",NA,1958-08-23,NA,"www.brigitte-haeberli.ch",NA,"Parliamentarian","MP","Person","CHRISTLICHDEMOKRATISCHE VOLKSPARTEI DER SCHWEIZ","CVP-FRAKTION",1,0,"Thurgau",NA,"Bichelsee-Balterswil",8363,"Staenderat",2011-12-05,NA,1,NA,NA,NA,NA,NA,"HaeberliKollerB",NA,NA,NA
"Christian","Levrat","m",NA,1970-07-07,NA,"www.levrat.ch",NA,"Parliamentarian","MP","Person","SOZIALDEMOKRATISCHE PARTEI DER SCHWEIZ","SOZIALDEMOKRATISCHE FRAKTION",1,0,"Freiburg",NA,"Vuadens",1628,"Staenderat",2012-05-29,NA,1,NA,NA,NA,NA,NA,"ChristianLevrat","40872955","1109434137071501313",2019-03-23T11:38:05Z
"Claude","Hêche","m",NA,1952-12-20,NA,NA,NA,"Parliamentarian","MP","Person","SOZIALDEMOKRATISCHE PARTEI DER SCHWEIZ","SOZIALDEMOKRATISCHE FRAKTION",1,0,"Jura",NA,"Courroux",2822,"Staenderat",2007-12-03,NA,1,NA,NA,NA,NA,NA,NA,NA,NA,NA
"Claude","Janiak","m",NA,1948-10-30,NA,"www.janiak.ch",NA,"Parliamentarian","MP","Person","SOZIALDEMOKRATISCHE PARTEI DER SCHWEIZ","SOZIALDEMOKRATISCHE FRAKTION",1,0,"Basel-Landschaft",NA,"Binningen",4102,"Staenderat",2007-12-03,NA,1,NA,NA,NA,NA,NA,NA,NA,NA,NA
"Damian","Müller","m",NA,1984-10-25,NA,"www.damian-mueller.ch",NA,"Parliamentarian","MP","Person","FDP.DIE LIBERALEN","FDP-LIBERALE FRAKTION",1,0,"Luzern",NA,"Hitzkirch",6285,"Staenderat",2015-11-30,NA,1,NA,NA,NA,NA,NA,"Damian_Mueller_","603431624","1109061484938702848",2019-03-22T10:57:18Z
"Daniel","Jositsch","m",NA,1965-03-25,NA,"www.jositsch.ch",NA,"Parliamentarian","MP","Person","SOZIALDEMOKRATISCHE PARTEI DER SCHWEIZ","SOZIALDEMOKRATISCHE FRAKTION",1,0,"Zürich",NA,"Zürich",8001,"Staenderat",2015-12-08,NA,1,NA,NA,NA,NA,NA,"danieljositsch","3246291543","1109074708027326464",2019-03-22T11:49:50Z
"Didier","Berberat","m",NA,1956-12-01,NA,"www.dberberat.ch",NA,"Parliamentarian","MP","Person","SOZIALDEMOKRATISCHE PARTEI DER SCHWEIZ","SOZIALDEMOKRATISCHE FRAKTION",1,0,"Neuenburg",NA,"La Chaux-de-Fonds",2300,"Staenderat",2009-09-21,NA,1,NA,NA,NA,NA,NA,"berberatdidier","271271590","643827955370709000",2015-09-15T16:50:00Z
"Erich","Ettlin","m",NA,1962-05-30,NA,"www.erich-ettlin.ch",NA,"Parliamentarian","MP","Person","CHRISTLICHDEMOKRATISCHE VOLKSPARTEI DER SCHWEIZ","CVP-FRAKTION",1,0,"Obwalden",NA,"Kerns",6064,"Staenderat",2015-11-30,NA,1,NA,NA,NA,NA,NA,"e_ettlin","2154083999","1109750768410730496",2019-03-24T08:36:16Z
"Fabio","Abate","m",NA,1966-01-04,NA,NA,NA,"Parliamentarian","MP","Person","FDP.DIE LIBERALEN","FDP-LIBERALE FRAKTION",1,0,"Tessin",NA,"Locarno",6601,"Staenderat",2011-12-05,NA,1,NA,NA,NA,NA,NA,NA,NA,NA,NA
"Filippo","Lombardi","m",NA,1956-05-29,NA,"www.filippolombardi.ch",NA,"Parliamentarian","MP","Person","CHRISTLICHDEMOKRATISCHE VOLKSPARTEI DER SCHWEIZ","CVP-FRAKTION",1,0,"Tessin",NA,"Bellinzona",6500,"Staenderat",1999-12-06,NA,1,NA,NA,NA,NA,NA,"lombardi1956","804958800","1109038695875821568",2019-03-22T09:26:44Z
"Géraldine","Savary","f",NA,1968-11-14,NA,NA,NA,"Parliamentarian","MP","Person","SOZIALDEMOKRATISCHE PARTEI DER SCHWEIZ","SOZIALDEMOKRATISCHE FRAKTION",1,0,"Waadt",NA,"Lausanne",1007,"Staenderat",2007-12-03,NA,1,NA,NA,NA,NA,NA,NA,NA,NA,NA
"Hannes","Germann","m",NA,1956-07-01,NA,"www.hannesgermann.ch",NA,"Parliamentarian","MP","Person","SCHWEIZERISCHE VOLKSPARTEI","FRAKTION DER SCHWEIZERISCHEN VOLKSPARTEI",1,0,"Schaffhausen",NA,"Opfertshofen",8236,"Staenderat",2002-09-16,NA,1,NA,NA,NA,NA,NA,NA,NA,NA,NA
"Hans","Stöckli","m",NA,1952-04-12,NA,"www.hansstoeckli.ch",NA,"Parliamentarian","MP","Person","SOZIALDEMOKRATISCHE PARTEI DER SCHWEIZ","SOZIALDEMOKRATISCHE FRAKTION",1,0,"Bern",NA,"Biel",2503,"Staenderat",2011-12-05,NA,1,NA,NA,NA,NA,NA,NA,NA,NA,NA
"Hans","Wicki","m",NA,1964-02-18,NA,"www.wickihans.ch",NA,"Parliamentarian","MP","Person","FDP.DIE LIBERALEN","FDP-LIBERALE FRAKTION",1,0,"Nidwalden",NA,"Hergiswil",6052,"Staenderat",2015-11-30,NA,1,NA,NA,NA,NA,NA,NA,NA,NA,NA
"Isidor","Baumann","m",NA,1955-09-23,NA,NA,NA,"Parliamentarian","MP","Person","CHRISTLICHDEMOKRATISCHE VOLKSPARTEI DER SCHWEIZ","CVP-FRAKTION",1,0,"Uri",NA,"Wassen",6484,"Staenderat",2011-12-05,NA,1,NA,NA,NA,NA,NA,NA,NA,NA,NA
"Ivo","Bischofberger","m",NA,1958-02-24,NA,NA,NA,"Parliamentarian","MP","Person","CHRISTLICHDEMOKRATISCHE VOLKSPARTEI DER SCHWEIZ","CVP-FRAKTION",1,0,"Appenzell I.-Rh.",NA,"Oberegg",9413,"Staenderat",2007-06-04,NA,1,NA,NA,NA,NA,NA,NA,NA,NA,NA
"Jean-René","Fournier","m",NA,1957-12-18,NA,"www.jrfournier.ch",NA,"Parliamentarian","MP","Person","CHRISTLICHDEMOKRATISCHE VOLKSPARTEI DER SCHWEIZ","CVP-FRAKTION",1,0,"Wallis",NA,"Sion",1951,"Staenderat",2007-12-03,NA,1,NA,NA,NA,NA,NA,NA,NA,NA,NA
"Joachim","Eder","m",NA,1951-11-24,NA,"www.jeder.ch",NA,"Parliamentarian","MP","Person","FDP.DIE LIBERALEN","FDP-LIBERALE FRAKTION",1,0,"Zug",NA,"Zug",6300,"Staenderat",2011-12-05,NA,1,NA,NA,NA,NA,NA,NA,NA,NA,NA
"Josef","Dittli","m",NA,1957-04-11,NA,NA,NA,"Parliamentarian","MP","Person","FDP.DIE LIBERALEN","FDP-LIBERALE FRAKTION",1,0,"Uri",NA,"Attinghausen",6468,"Staenderat",2015-11-30,NA,1,NA,NA,NA,NA,NA,NA,NA,NA,NA
"Konrad","Graber","m",NA,1958-07-24,NA,"www.konradgraber.ch",NA,"Parliamentarian","MP","Person","CHRISTLICHDEMOKRATISCHE VOLKSPARTEI DER SCHWEIZ","CVP-FRAKTION",1,0,"Luzern",NA,"Kriens",6010,"Staenderat",2007-12-03,NA,1,NA,NA,NA,NA,NA,"GraberKonrad","617269323","1108263341418561536",2019-03-20T06:05:45Z
"Liliane","Pasquier","f",NA,1956-12-16,NA,"www.maurypasquier.ch",NA,"Parliamentarian","MP","Person","SOZIALDEMOKRATISCHE PARTEI DER SCHWEIZ","SOZIALDEMOKRATISCHE FRAKTION",1,0,"Genf",NA,"Genève",1203,"Staenderat",2007-12-03,NA,1,NA,NA,NA,NA,NA,"votrevoix","379014467","1110100163740225537",2019-03-25T07:44:38Z
"Martin","Schmid","m",NA,1969-05-24,NA,"www.kunzschmid.ch",NA,"Parliamentarian","MP","Person","FDP.DIE LIBERALEN","FDP-LIBERALE FRAKTION",1,0,"Graubünden",NA,"Chur",7000,"Staenderat",2011-12-05,NA,1,NA,NA,NA,NA,NA,NA,NA,NA,NA
"Olivier","Français","m",NA,1955-10-01,NA,"www.olivier-francais.ch",NA,"Parliamentarian","MP","Person","FDP.DIE LIBERALEN","FDP-LIBERALE FRAKTION",1,0,"Waadt",NA,"Lausanne",1006,"Staenderat",2015-11-30,NA,1,NA,NA,NA,NA,NA,"OliFrancais","3428301377","1103961812205268998",2019-03-08T09:13:01Z
"Pascale","Wyss","f",NA,1977-07-28,NA,"www.pascale-bruderer.ch",NA,"Parliamentarian","MP","Person","SOZIALDEMOKRATISCHE PARTEI DER SCHWEIZ","SOZIALDEMOKRATISCHE FRAKTION",1,0,"Aargau",NA,"Nussbaumen",5415,"Staenderat",2011-12-05,NA,1,NA,NA,NA,NA,NA,NA,NA,NA,NA
"Paul","Rechsteiner","m",NA,1952-08-26,NA,"www.paulrechsteiner.ch",NA,"Parliamentarian","MP","Person","SOZIALDEMOKRATISCHE PARTEI DER SCHWEIZ","SOZIALDEMOKRATISCHE FRAKTION",1,0,"St. Gallen",NA,"St. Gallen",9000,"Staenderat",2011-12-12,NA,1,NA,NA,NA,NA,NA,"PaulRechsteiner","529478391","1106194512228040706",2019-03-14T13:04:58Z
"Peter","Föhn","m",NA,1952-12-11,NA,"www.peter-foehn.ch",NA,"Parliamentarian","MP","Person","SCHWEIZERISCHE VOLKSPARTEI","FRAKTION DER SCHWEIZERISCHEN VOLKSPARTEI",1,0,"Schwyz",NA,"Muotathal",6436,"Staenderat",2011-12-15,NA,1,NA,NA,NA,NA,NA,NA,NA,NA,NA
"Peter","Hegglin","m",NA,1960-12-25,NA,"www.peter-hegglin.ch",NA,"Parliamentarian","MP","Person","CHRISTLICHDEMOKRATISCHE VOLKSPARTEI DER SCHWEIZ","CVP-FRAKTION",1,0,"Zug",NA,"Edlibach",6313,"Staenderat",2015-11-30,NA,1,NA,NA,NA,NA,NA,NA,NA,NA,NA
"Philipp","Müller","m",NA,1952-09-05,NA,NA,NA,"Parliamentarian","MP","Person","FDP.DIE LIBERALEN","FDP-LIBERALE FRAKTION",1,0,"Aargau",NA,"Meisterschwanden",5616,"Staenderat",2015-11-30,NA,1,NA,NA,NA,NA,NA,NA,NA,NA,NA
"Pirmin","Bischof","m",NA,1959-02-24,NA,"www.pirmin-bischof.ch",NA,"Parliamentarian","MP","Person","CHRISTLICHDEMOKRATISCHE VOLKSPARTEI DER SCHWEIZ","CVP-FRAKTION",1,0,"Solothurn",NA,"Solothurn",4500,"Staenderat",2011-12-12,NA,1,NA,NA,NA,NA,NA,"PirminBischof","196646702","1097520472764416000",2019-02-18T22:22:22Z
"Raphaël","Comte","m",NA,1979-09-29,NA,NA,NA,"Parliamentarian","MP","Person","FDP.DIE LIBERALEN","FDP-LIBERALE FRAKTION",1,0,"Neuenburg",NA,"Corcelles-Cormondrèche",2035,"Staenderat",2010-03-01,NA,1,NA,NA,NA,NA,NA,"RaphaelComteCE","3295223895","1001403537497220000",2018-05-29T22:22:22Z
"Robert","Cramer","m",NA,1954-02-07,NA,"www.robertcramer.ch",NA,"Parliamentarian","MP","Person","GRÜNE PARTEI DER SCHWEIZ","GRÜNE FRAKTION",1,0,"Genf",NA,"Genève",1211,"Staenderat",2007-12-03,NA,1,NA,NA,NA,NA,NA,"RobertCramer_GE","2536784770","872455292432330753",2017-06-10T22:22:22Z
"Roberto","Zanetti","m",NA,1954-12-14,NA,"www.robertozanetti.ch",NA,"Parliamentarian","MP","Person","SOZIALDEMOKRATISCHE PARTEI DER SCHWEIZ","SOZIALDEMOKRATISCHE FRAKTION",1,0,"Solothurn",NA,"Gerlafingen",4563,"Staenderat",2010-03-01,NA,1,NA,NA,NA,NA,NA,"zanettiroberto","84155033","1075628011616200000",2018-12-22T22:22:22Z
"Roland","Eberle","m",NA,1953-12-07,NA,"www.roland-eberle.ch",NA,"Parliamentarian","MP","Person","SCHWEIZERISCHE VOLKSPARTEI","FRAKTION DER SCHWEIZERISCHEN VOLKSPARTEI",1,0,"Thurgau",NA,"Weinfelden",8570,"Staenderat",2011-12-05,NA,1,NA,NA,NA,NA,NA,NA,NA,NA,NA
"Ruedi","Noser","m",NA,1961-04-14,NA,"www.ruedinoser.ch",NA,"Parliamentarian","MP","Person","FDP.DIE LIBERALEN","FDP-LIBERALE FRAKTION",1,0,"Zürich",NA,"Zürich",8048,"Staenderat",2015-12-08,NA,1,NA,NA,NA,NA,NA,"RuediNoser","304379532","1110082653238235136",2019-03-25T06:35:03Z
"Stefan","Engler","m",NA,1960-05-30,NA,"www.stefanengler.ch",NA,"Parliamentarian","MP","Person","CHRISTLICHDEMOKRATISCHE VOLKSPARTEI DER SCHWEIZ","CVP-FRAKTION",1,0,"Graubünden",NA,"Chur",7000,"Staenderat",2011-12-05,NA,1,NA,NA,NA,NA,NA,"engler_stefan","3290133496","1103546107081252864",2019-03-07T05:41:09Z
"Thomas","Hefti","m",NA,1959-10-30,NA,"www.thomashefti.ch",NA,"Parliamentarian","MP","Person","FDP.DIE LIBERALEN","FDP-LIBERALE FRAKTION",1,0,"Glarus",NA,"Schwanden",8762,"Staenderat",2014-03-03,NA,1,NA,NA,NA,NA,NA,NA,NA,NA,NA
"Thomas","Minder","m",NA,1960-12-26,NA,"www.minder.sh",NA,"Parliamentarian","MP","Person","PARTEILOS","FRAKTION DER SCHWEIZERISCHEN VOLKSPARTEI",1,0,"Schaffhausen",NA,"Neuhausen am Reinfall",1068,"Staenderat",2011-12-05,NA,1,NA,NA,NA,NA,NA,NA,NA,NA,NA
"Werner","Hösli","m",NA,1961-08-30,NA,NA,NA,"Parliamentarian","MP","Person","SCHWEIZERISCHE VOLKSPARTEI","FRAKTION DER SCHWEIZERISCHEN VOLKSPARTEI",1,0,"Glarus",NA,"Haslen",8773,"Staenderat",2014-06-16,NA,1,NA,NA,NA,NA,NA,"Werner_Hoesli","2431017296","907947250944545000",2017-09-20T22:22:22Z
"Werner","Luginbühl","m",NA,1958-01-04,NA,"www.werner-luginbuehl.ch",NA,"Parliamentarian","MP","Person","BÜRGERLICH-DEMOKRATISCHE PARTEI SCHWEIZ","FRAKTION BD",1,0,"Bern",NA,"Bern",3001,"Staenderat",2007-12-03,NA,1,NA,NA,NA,NA,NA,NA,NA,NA,NA
"Philipp","Bregy","m",40,1978-07-07,NA,"www.pm-bregy.ch","www.parlament.ch/de/organe/nationalrat/mitglieder-nationalrat-a-z","Parliamentarian","MP","Person","CHRISTLICHSOZIALE VOLKSPARTEI OBERWALLIS","CVP-FRAKTION",1,0,"Wallis",NA,"Naters",3904,"Nationalrat",2019-03-04,NA,1,NA,NA,NA,NA,NA,NA,NA,NA,NA
"Mike","Egger","m",26,1992-08-02,NA,"www.mike-egger.ch","www.parlament.ch/de/organe/nationalrat/mitglieder-nationalrat-a-z","Parliamentarian","MP","Person","SCHWEIZERISCHE VOLKSPARTEI","FRAKTION DER SCHWEIZERISCHEN VOLKSPARTEI",1,0,"St. Gallen",NA,"Berneck",9442,"Nationalrat",2019-03-04,NA,1,NA,NA,NA,NA,NA,"MikeEgger7","992672660785172480","1086539383199551488",2019-01-19T07:22:30Z
"Viola","Amherd","f",NA,NA,NA,"www.viola-amherd.ch",NA,"Parliamentarian","MP","Person","CHRISTLICHDEMOKRATISCHE VOLKSPARTEI DER SCHWEIZ","CVP-FRAKTION",1,0,"Wallis",NA,NA,NA,"Nationalrat",2005-05-31,2019-03-01,0,NA,NA,NA,NA,NA,"Violapamherd","72560162","1103034889279033345",2019-03-05T20:49:45Z
"Toni","Brunner","m",NA,NA,NA,"www.tonibrunner.ch",NA,"Parliamentarian","MP","Person","SCHWEIZERISCHE VOLKSPARTEI","FRAKTION DER SCHWEIZERISCHEN VOLKSPARTEI",1,0,"St. Gallen",NA,NA,NA,"Nationalrat",1995-12-04,2019-03-01,0,NA,NA,NA,NA,NA,"SVPBrunner","61431883","99731004071223300",2011-11-11T22:22:22Z
"Karin","Keller-Sutter","f",NA,NA,NA,"www.karin-keller-sutter.ch",NA,"Parliamentarian","MP","Person","FDP.DIE LIBERALEN","FDP-LIBERALE FRAKTION",1,0,"St. Gallen",NA,NA,NA,"Staenderat",NA,2019-03-01,0,NA,NA,NA,NA,NA,NA,NA,NA,NA
